Korona biter diye yazlÄ±k ihtiyaÃ§larÄ± mÄ± tamamlÄ±yorum her an bitebilir hazÄ±r olmak lazÄ±m;RT @mkirikkanat: Ucuza arazi kapatmak Koronaâ€™yla mÃ¼cadele, kelle baÅŸÄ±na 4 maaÅŸ almak terÃ¶rle mÃ¼cadele etmekmiÅŸ demek ki... Ä°yiymiÅŸâ—ï¸;@bbeterbocekkk Korona mÄ± oldu FetÃ¶?;RT @hemsireyizbiz_: Dile kolay 7 bin 428 saÄŸlÄ±k Ã§alÄ±ÅŸanÄ±mÄ±z korona virÃ¼se yakalanmÄ±ÅŸ.. Hepsine acil ÅŸifalar diliyoruz ğŸ™ https://t.co/PBTjmgâ€¦;"RT @yasarustaportal: Aksaray'da intihar eden Ahmet KarakeÃ§i'nin mektubunda ÅŸu cÃ¼mle yazÄ±yordu: ""Korona virÃ¼s Ã¶ldÃ¼rmedi beni ama sahipsizlikâ€¦";RT @EToprakCHP: Rahip Brunson uÃ§alÄ± 2, RÄ±za Sarraf kaÃ§alÄ± 4 yÄ±l oldu. â€˜Ekonomini Ã§Ã¶kertirim, akÄ±llÄ± olâ€™ diyen Trumpâ€™a uÃ§ak dolusu bedava maâ€¦;RT @bengibaser: Covid-19'u, kendini Ã§ok iyi gizleyen, bir anlÄ±k hatayÄ± bile affetmeyen, Ã¶ldÃ¼rmeye odaklÄ± bir Ninja suikastÃ§isi olarak tanÄ±mâ€¦;antalyadaki kÄ±z bana yazÄ±yo.. kÄ±zÄ±m korona yÃ¼zÃ¼nden istanbul iÃ§inde 50 flÃ¶rtÃ¼mÃ¼n biriyle gÃ¶rÃ¼ÅŸemiyorum ama olsun seâ€¦ https://t.co/FT4JEogBZC;RT @THEMARGlNALE: Halk Tv'de yeni bir hesap faciasÄ±. BarÄ±ÅŸ YarkadaÅŸâ€™Ä±n 40 milyon korona virÃ¼slÃ¼ hasta var teorisi ve rezil olduklarÄ±nÄ± anlaâ€¦;"RT @MagModul: Korona virÃ¼s sÃ¼recinde, usta Ã¶ÄŸreticiler ve Ã¼cretli Ã¶ÄŸretmenler maÄŸdur edilmiÅŸ, sÃ¼reÃ§ ÅŸu ÅŸekilde iÅŸlemiÅŸtir:
- OkullarÄ±n virÃ¼â€¦";@yenisafakyazari Covid-19 virÃ¼sÃ¼nÃ¼n Cehape genel merkezinde Ã¼retildiÄŸi tespit edilmiÅŸ eyyy cehepe sen kimsin ya. Men dakka dukka !!;"@drfahrettinkoca SayÄ±n bakan; pcr testi negatif tomografiye gÃ¶re pozitif olanlara covid 19 tedavisi baÅŸlanÄ±yor fakaâ€¦ https://t.co/9rzpRmU9QE";"RT @saitcamlica: SaÄŸlÄ±k BalanlÄ±ÄŸÄ± bu kadar tedbiri boÅŸuna alÄ±yor!! 

CÃ¼bbelinin kitabÄ±nda yazdÄ±ÄŸÄ± duayÄ± okursanÄ±z â€˜ebediyen korona size bulâ€¦";RT @TongaIsmail1: @evininbabasi_ 15 gÃ¼n Ã¶nce Ã§ocukluk arkadaÅŸÄ±m Ankara da hastanede vefat etti. OÄŸlu cenazeye 4 yakÄ±nÄ±, 1 imam ve 2 belediyâ€¦;BakanÄ± GÃ¼l, Covid-19 tanÄ±sÄ± konan tutuklu ve hÃ¼kÃ¼mlÃ¼ sayÄ±sÄ±nÄ± aÃ§Ä±kladÄ± https://t.co/OWLZSQzv1p;"ILO tahminlerini yÃ¼kseltti: Covid-19 nedeniyle 305 milyon kiÅŸi iÅŸini kaybedebilir

https://t.co/uP3KnQfxxW";DÃ¼nya genelinde korona virÃ¼sÃ¼nden Ã¶lenlerin sayÄ±sÄ± 225 bini geÃ§ti... Ã–lÃ¼ sayÄ±sÄ± ABD'de 58 bin 368â€™e, Ä°talya'da 27 bâ€¦ https://t.co/rGBQdRQzUi;RT @Birecikbel: DÃ¼nyayÄ± etkisi altÄ±na alan  (Covid-19) salgÄ±nÄ±na karÅŸÄ± korunma tedbirleri kapsamÄ±nda ilÃ§emiz genelinde ilaÃ§lama ve dezenfekâ€¦;"RT @arzuylmaz83: "" HayÄ±r iÅŸi yapmÄ±yoruz, gÃ¶revimizi ifa ediyoruz. Allahâ€™Ä±n izni ile nasibi olana hizmet ediyoruz,""
Ne gÃ¼zel anlatmÄ±ÅŸ DeÄŸerlâ€¦";RT @besteayhnn: TeÅŸekkÃ¼r ederim korona bugÃ¼n en yakÄ±n arkadaÅŸÄ±mÄ±n doÄŸum gÃ¼nÃ¼ ve ben ucuz yÄ±rttÄ±m;"RT @ALAYINARTE: InsanlarÄ±n gÃ¶zÃ¼nÃ¼ PARA HÄ±rsÄ± almÄ±ÅŸsa 
DalÄ±nda caÄŸlasÄ±yla aÄŸaÃ§larÄ± kÃ¶kÃ¼nden sÃ¶ktÃ¼rÃ¼r ğŸ¤¦â€â™€ï¸
Bide marifet gibi bunu paylaÅŸÄ±r 
Yâ€¦";RT @THEMARGlNALE: Halk Tv'de yeni bir hesap faciasÄ±. BarÄ±ÅŸ YarkadaÅŸâ€™Ä±n 40 milyon korona virÃ¼slÃ¼ hasta var teorisi ve rezil olduklarÄ±nÄ± anlaâ€¦;"Kafa var aslÄ±nda kemiklerin Ã¼zeri deri ve saÃ§lar ile Ã§evrili.
Ä°Ã§inde iki kelimeyi birleÅŸtirip derdini anlatacak kadâ€¦ https://t.co/s7Cp9npfO4";"@atavratfelipe Lahmacun &amp; cola 
Volkan &amp; cacÄ±k 
Muslera &amp; Galatasaray 
FenerbahÃ§e &amp; covid-19";"GeÃ§miyor gÃ¼nler geÃ§miyor...
DÄ±ÅŸarÄ± da mevsim baharmÄ±ÅŸ,
Gezip dolaÅŸanlar varmÄ±ÅŸ,
GeÃ§miyor gÃ¼nler geÃ§miyor...
ğŸ˜‚ğŸ˜‚ğŸ˜‚ğŸ˜‚ğŸ˜‚â€¦ https://t.co/O5ZWT42OCc";"RT @30ARTITV: KORONA ÅÄ°MDÄ° DE KONYA CEZAEVÄ°NDE
55 hÃ¼kÃ¼mlÃ¼ ve tutuklu hastaneye sevkedildi https://t.co/ZjRX9MmfCi";RT @HaberRotaniz: Kosovaâ€™dan TÃ¼rkiyeâ€™ye Covid-19 yardÄ±mÄ± iÃ§in teÅŸekkÃ¼r https://t.co/Yew7kRsfYh;RT @turguthaci28: Adam her tÃ¼rlÃ¼ konforun iÃ§inde yaÅŸÄ±yor, utanmadan bir de devlet beÄŸenmiyor. Devletleri, milletleri gÃ¶rdÃ¼k korona gÃ¼nlerinâ€¦;@UArtsin @ibrahimnarr00 valla beyler Ã¼ni bitecekti korona Ã§Ä±ktÄ± mezun olamÄ±yorum;RT @mesutozturk__: Ä°nÅŸallah En KÄ±sa Zamanda Korona Biter Ve Fatih Terim Ä°le Galibiyetleri AlÄ±p KaldÄ±rÄ±rÄ±z O KupayÄ± Ä°nÅŸallah.. https://t.co/â€¦;RT @iremkomurcu: COVID-19 hakkÄ±nda araÅŸtÄ±rma yaparken Ã§ok iyi istatistiklerin bulunduÄŸu bir Ã§alÄ±ÅŸmaya rastladÄ±m. GerÃ§ekten Ã§ok baÅŸarÄ±lÄ±. COâ€¦;DuyarlÄ± bakkal, test yaptÄ±rÄ±nca. covid-19 testleri pozitif Ã§Ä±kan. https://t.co/XqMOqFQPSc;"RT @necmettintetik: ~ ğŸ™ ğŸ§ ğŸ“º ğŸ“² ~
Hadi bir Ã§ay demle, birlikte sarÄ±lalÄ±m geceye... 
Bir muÄŸlak sÄ±kÄ±ntÄ± var ki yÃ¼rekte ne kaleme gelir ne dileâ€¦";RT @ErtugrulDogan61: Her alanda doÄŸru adÄ±mlar atarak kulÃ¼bÃ¼mÃ¼zÃ¼n ekonomisini dengelemek iÃ§in var gÃ¼cÃ¼mÃ¼zle Ã§alÄ±ÅŸÄ±yoruz. Ancak dÃ¼nyayÄ± etkisâ€¦;"RT @gergerliogluof: Konya E cezaevinde Covid 19 vakalarÄ±nÄ±n 150 yi bulduÄŸu bilgisi geliyor
GeÃ§tiÄŸimiz gÃ¼n 40 idi

Hala bir aÃ§Ä±klama yok mu?â€¦";RT @bengibaser: Covid-19'u, kendini Ã§ok iyi gizleyen, bir anlÄ±k hatayÄ± bile affetmeyen, Ã¶ldÃ¼rmeye odaklÄ± bir Ninja suikastÃ§isi olarak tanÄ±mâ€¦;Haber kanallarÄ±nÄ±n siyasetteki rezillikleri konuÅŸmamk iÃ§in bu korona gÃ¼ndeminde bilerek aynÄ± ÅŸeyleri konuÅŸtuklarnÄ±â€¦ https://t.co/Rn30PgWo34;"RT @bgrgnvr: #MeralAkÅŸenerDiyorki ;Korona sonrasÄ± iÃ§in muhalefet ile birlikte bir ekonomik program yapÄ±lmalÄ±ydÄ±...@meral_aksener @BirolBykzâ€¦";"RT @BiGlsmaacik: Covid-19 enfekte olan saÄŸlÄ±k Ã§alÄ±ÅŸanÄ± sayÄ±sÄ± 7.427'ye ulaÅŸtÄ±.

Her geÃ§en gÃ¼n iyiye gidiyoruz, Ã¶lÃ¼m sayÄ±mÄ±z dÃ¼ÅŸtÃ¼, iyi demeâ€¦";RT @Hwptr: Google Pixel 4aâ€™nÄ±n Ã§Ä±kÄ±ÅŸ tarihi Covid-19â€™dan etkilenmiyor! https://t.co/XZ8O8Ndk9K https://t.co/NedKHM08Fl;Bu arkadaÅŸlara korona morona iÅŸlemiyor herhal... https://t.co/1QqCbrP62M;RT @zulkufhakseven: #TarafsÄ±zBÃ¶lge 'de TarafsÄ±z ÅŸekilde sorunlarÄ±mÄ±z dile getirilsin. Usta Ã¶ÄŸreticilerin Covid-19 sÃ¼recinde maÄŸduriyetleriâ€¦;"@mesutyar SayÄ±n Mesut Yar,
Fizyoterapistler Covid-19 pandemisinde Solunum Rehabilitasyonu ve Fiziksel Egzersizler iâ€¦ https://t.co/S06VblYoE9";Kosovaâ€™dan TÃ¼rkiyeâ€™ye Covid-19 yardÄ±mÄ± iÃ§in teÅŸekkÃ¼r https://t.co/Yew7kRsfYh;RT @THEMARGlNALE: Halk Tv'de yeni bir hesap faciasÄ±. BarÄ±ÅŸ YarkadaÅŸâ€™Ä±n 40 milyon korona virÃ¼slÃ¼ hasta var teorisi ve rezil olduklarÄ±nÄ± anlaâ€¦;RT @TrErdemSezer: Twitter nasÄ±l bir temizlik yapÄ±yor bilmiyorum ama kapanan hesanÄ±n haddi hesabÄ± yok. Ä°ki gÃ¼nde takipÃ§i sahÄ±m 250â€™den fazlaâ€¦;KudÃ¼slÃ¼ler, her yÄ±l olduÄŸu gibi bu yÄ±l da Ramazan Fenerini KudÃ¼s sokaklarÄ±nda dolaÅŸtÄ±rdÄ±lar. Ay YÄ±ldÄ±zlÄ± Ramazan feâ€¦ https://t.co/Q5bvwUt3jX;"RT @ridvan1671: @gonulborann @EytSydDer TAG ETKÄ°NLÄ°ÄÄ° 
ğŸ‘‡ğŸ‘‡ğŸ‘‡
29 Nisan Ã‡arÅŸambaÂ  21:00

Korona salgÄ±nÄ± sonucunda en maÄŸdur kesim #EmeklilikteYâ€¦";"RT @glen_mete: @gonulborann @EytSydDer TAG ETKÄ°NLÄ°ÄÄ° 
ğŸ‘‡ğŸ‘‡ğŸ‘‡
29 Nisan Ã‡arÅŸambaÂ  21:00

Korona salgÄ±nÄ± sonucunda en maÄŸdur kesim #EmeklilikteYaâ€¦";"RT @GrsnEytSydD: @gonulborann @EytSydDer TAG ETKÄ°NLÄ°ÄÄ° 
ğŸ‘‡ğŸ‘‡ğŸ‘‡
29 Nisan Ã‡arÅŸambaÂ  21:00

Korona salgÄ±nÄ± sonucunda en maÄŸdur kesim #Emeklilikteâ€¦";"RT @gonulborann: TAG ETKÄ°NLÄ°ÄÄ° 
ğŸ‘‡ğŸ‘‡ğŸ‘‡
29 Nisan Ã‡arÅŸambaÂ  21:00

Korona salgÄ±nÄ± sonucunda en maÄŸdur kesim #EmeklilikteYaÅŸaTakÄ±lanlar olmuÅŸtur.â€¦";"RT @fuatozhan: ABD'den pkk'ya 1.2 Milyon Korona yardÄ±mÄ±.
Kaynak: YandaÅŸ medya Atv https://t.co/oaSG6DvCSV";RT @rozkyaa: #VekilebehemÅŸirelerkadrobekliyor Vekil Ebe HemÅŸireler olarak doÄŸum izni, Ã¶lÃ¼m izni, babalÄ±k izni gibi birÃ§ok Ã¶zlÃ¼k haklardan mâ€¦;RT @TongaIsmail1: @evininbabasi_ 15 gÃ¼n Ã¶nce Ã§ocukluk arkadaÅŸÄ±m Ankara da hastanede vefat etti. OÄŸlu cenazeye 4 yakÄ±nÄ±, 1 imam ve 2 belediyâ€¦;"RT @oztrk_aydnTR: Bu tweet 75 bin rt&amp;fav almÄ±ÅŸ.

BakanÄ±n kÃ¶ylÃ¼sÃ¼ olduÄŸu yalan.
Covid-19 olmadÄ±ÄŸÄ± yalan (Konuyla ilgili yayÄ±lan foto 2014'teâ€¦";"HayÄ±rdÄ±r Ã–zgÃ¼r Ã–zel Darbemi YapÄ±can Iftarda YÃ¼rek Yedin Herhalde ğŸ˜‚ğŸ˜‚ 

Sonuda BÃ¶yle Olur Haberin Olsun ArtÄ±k kime Heâ€¦ https://t.co/LehOyaguRB";"RT @arzuylmaz83: "" HayÄ±r iÅŸi yapmÄ±yoruz, gÃ¶revimizi ifa ediyoruz. Allahâ€™Ä±n izni ile nasibi olana hizmet ediyoruz,""
Ne gÃ¼zel anlatmÄ±ÅŸ DeÄŸerlâ€¦";"RT @HsnBozkurt: Test sayÄ±sÄ±nÄ± 40 binden 20 bine indirmek

MezarlÄ±k Md lÃ¼kleri ve TÃœÄ°Kâ€™in Ã¶lÃ¼m sayÄ±larÄ±nÄ± vermesini yasaklamak

Klinik-BT taâ€¦";"InsanlarÄ±n gÃ¶zÃ¼nÃ¼ PARA HÄ±rsÄ± almÄ±ÅŸsa 
DalÄ±nda caÄŸlasÄ±yla aÄŸaÃ§larÄ± kÃ¶kÃ¼nden sÃ¶ktÃ¼rÃ¼r ğŸ¤¦â€â™€ï¸
Bide marifet gibi bunu payâ€¦ https://t.co/1xHMNvXe3c";RT @ozkanyetkiin: yaklaÅŸÄ±k iki aydÄ±r intÃ¶rnler yok, hastanede pandemi dÃ¶neminde intÃ¶rnlere ihtiyaÃ§ da yok, covid-19 uzunca bir sÃ¼re gÃ¼ndemdâ€¦;RT @baser_tetik: A RH -  veya + kan grubu olup. Covid-19 tanÄ±sÄ±yla taburcu edilmiÅŸ. Son  2 testinin sonucunun negatif ve sonucun Ãœzerindenâ€¦;RT @yilmaztunc: Ä°BBâ€™den korona daÄŸÄ±tÄ±mÄ± https://t.co/0jySYXu89z;RT @bengibaser: Covid-19'u, kendini Ã§ok iyi gizleyen, bir anlÄ±k hatayÄ± bile affetmeyen, Ã¶ldÃ¼rmeye odaklÄ± bir Ninja suikastÃ§isi olarak tanÄ±mâ€¦;"RT @drkerem: â—ï¸Ã‡OK Ã–NEMLÄ° DUYURU
â—ï¸Rt LÃ¼tfen

Korona geÃ§irmiÅŸ ve iyileÅŸmiÅŸ baÄŸÄ±ÅŸ yapmaya uygun tÃ¼m DonÃ¶rleri merkezlerimize bekliyoruz. 

Hâ€¦";"RT @faikoztrak: Saray yÄ±l sonundan beri;
176 milyarTL vergi topladÄ±
23 milyarTL dÄ±ÅŸarÄ±dan
44 milyarTL iÃ§eriden borÃ§landÄ±
41 milyarTL TCMB pâ€¦";"RT @30ARTITV: KORONA ÅÄ°MDÄ° DE KONYA CEZAEVÄ°NDE
55 hÃ¼kÃ¼mlÃ¼ ve tutuklu hastaneye sevkedildi https://t.co/ZjRX9MmfCi";RT @THEMARGlNALE: Halk Tv'de yeni bir hesap faciasÄ±. BarÄ±ÅŸ YarkadaÅŸâ€™Ä±n 40 milyon korona virÃ¼slÃ¼ hasta var teorisi ve rezil olduklarÄ±nÄ± anlaâ€¦;"RT @Tubitak: ğŸ’»Ä°leri teknoloji uygulamalarÄ±
ğŸ¥YenilikÃ§i saÄŸlÄ±k tedarik zinciri yÃ¶netim sistemleri
ğŸ“ˆKapasite geliÅŸtirme mÃ¼dahaleleri
ğŸ”¬DÃ¼ÅŸÃ¼k maâ€¦";@caferbayir96 Korona dan kurtulmayÄ±;RT @melihaokur2: Siyasi destek arayÄ±ÅŸÄ± ' halkÄ± kutuplaÅŸtÄ±rarak' Ã§Ä±kÄ±ÅŸ yolu bulmaktan geÃ§miyor. KarantÄ±na gÃ¼nlerinde Covid 19'u AÄ°DS gibi suâ€¦;"Åimdi bugÃ¼n 3 gÃ¼nlÃ¼k evde kalcaz curcunayi izle sanki bir ay evde kalcaz gibi alÄ±ÅŸveriÅŸ yapanlar olacak.
#Covid_19â€¦ https://t.co/FntR0JUskg";"Ablam covid-19'un yaygÄ±n olduÄŸu ilÃ§eleri sayarken "" daha ne kaldÄ±"" diye sinir krizi geÃ§iriyorrr...";@aslan75573415 @abantavusda Galiba evden dÄ±ÅŸarÄ± Ã§Ä±kamÄ±yo anladÄ±ÄŸÄ±m kadarÄ±yla korona yÃ¼zÃ¼nden tutuklu olsa geht atamâ€¦ https://t.co/ug7HcPFIb2;"RT @IFMLDresden: TÃ¼rkiye Ä°nsan HaklarÄ± VakfÄ± BaÅŸkanÄ± ProfesÃ¶r Åebnem Korur FincancÄ±: 

YapÄ±lan yeni infaz dÃ¼zenlemesinin korona salgÄ±nÄ± ileâ€¦";RT @Silopi_GM: Korona virÃ¼sÃ¼ne karÅŸÄ± il mÃ¼dÃ¼rlÃ¼ÄŸÃ¼mÃ¼z tarafÄ±ndan Ã¼retilen siperli maskeleri GÃ¼venlik GÃ¼Ã§lerimize ve Hastane Ã§alÄ±ÅŸanlarÄ±mÄ±zaâ€¦;"RT @gergerliogluof: Konya E cezaevinde Covid 19 vakalarÄ±nÄ±n 150 yi bulduÄŸu bilgisi geliyor
GeÃ§tiÄŸimiz gÃ¼n 40 idi

Hala bir aÃ§Ä±klama yok mu?â€¦";TeÅŸekkÃ¼r ederim korona bugÃ¼n en yakÄ±n arkadaÅŸÄ±mÄ±n doÄŸum gÃ¼nÃ¼ ve ben ucuz yÄ±rttÄ±m;RT @rozkyaa: ##VekilebehemÅŸirelerkadrobekliyor Vekil Ebe HemÅŸireler olarak doÄŸum izni, Ã¶lÃ¼m izni, babalÄ±k izni gibi birÃ§ok Ã¶zlÃ¼k haklardanâ€¦;"RT @30ARTITV: KORONA ÅÄ°MDÄ° DE KONYA CEZAEVÄ°NDE
55 hÃ¼kÃ¼mlÃ¼ ve tutuklu hastaneye sevkedildi https://t.co/OEKxdWAMsP";@1112Mho Ä°stanbul dayÄ±m korona sonrasÄ± gel madem;RT @capan_cetin: GaribanlarÄ±n 'Beni korona deÄŸil, Ã§aresizlik Ã¶ldÃ¼rdÃ¼' diye not bÄ±rakarak intihar ettiÄŸi Ã¼lkemde, AKP'li Belediye BaÅŸkanÄ± Saâ€¦;LÃ¼bnanda gÃ¶stericiler orduya ait kontrol noktalarÄ±nÄ± ateÅŸe veriyor #Covid_19 ekonomileri vurmaya devam ederse bu gÃ¶â€¦ https://t.co/bw9IX4N3HH;Kesin Åu #Covid_19 Bitecek UzaylÄ±lar DÃ¼nyayÄ± Esir Alacak Aq ğŸ˜‚;Korona sebebiyle pikniÄŸimizi oyunda yapÄ±yoruz :( https://t.co/3qbfbDhyQ6;RT @TongaIsmail1: @evininbabasi_ 15 gÃ¼n Ã¶nce Ã§ocukluk arkadaÅŸÄ±m Ankara da hastanede vefat etti. OÄŸlu cenazeye 4 yakÄ±nÄ±, 1 imam ve 2 belediyâ€¦;@nurluinsan03 Korona var spor salonlari kapalÄ± diyete kalÄ±yoruz ğŸ¤£;RT @bengibaser: Covid-19'u, kendini Ã§ok iyi gizleyen, bir anlÄ±k hatayÄ± bile affetmeyen, Ã¶ldÃ¼rmeye odaklÄ± bir Ninja suikastÃ§isi olarak tanÄ±mâ€¦;"@drfahrettinkoca Yani ben korona olursam bana Amerika bakmazsa beni de alir mÄ±sÄ±nÄ±z.
Ambulans uÃ§akla yakÄ±ÅŸÄ±klÄ±";RT @AkEzeloglu: 45â€™bin Mahkum Tahliye Edildi Peki SÃ¶z Verilen DiÄŸer Mahkumlara Ne Olucak Onlar Sizin GÃ¶zÃ¼nÃ¼zde Ä°nsan DeÄŸilmi,OnlarÄ±n YaÅŸamaâ€¦;HÃ¼kÃ¼meti devirmek iÃ§in korona virÃ¼sten umduÄŸunu bulamayanlar tekrardan darbe umuduna sarÄ±lmÄ±ÅŸ sanÄ±rÄ±m.;"RT @gergerliogluof: Konya E cezaevinde Covid 19 vakalarÄ±nÄ±n 150 yi bulduÄŸu bilgisi geliyor
GeÃ§tiÄŸimiz gÃ¼n 40 idi

Hala bir aÃ§Ä±klama yok mu?â€¦";"RT @Haberdar: CHP'den KoronavirÃ¼s Raporu: Kamu yÃ¶netiminde Ã§Ã¶kÃ¼ÅŸ yaÅŸanÄ±yor; vatandaÅŸ kaderine terk edildi!

""TÃ¼rkiyeâ€™nin talihsizliÄŸi, koroâ€¦";"RT @SelimAtalayNY: * Ä°laÃ§ tarafÄ±nda â€œiyi haberâ€

ABDnin Korona doktoru Fauci, Gilead ÅŸirketinin remdesivir ilacÄ±nÄ±n virÃ¼sÃ¼ durdurmada baÅŸarâ€¦";RT @THEMARGlNALE: Ä°bb yardÄ±m kolisi deÄŸil korona daÄŸÄ±tÄ±yor. Sosyal mesafe nerede? AyrÄ±ca bu nasÄ±l bir yardÄ±m daÄŸÄ±tma ÅŸekli? Kabile devletiâ€¦;"RT @KadinCinayeti: Kadir Åeker'in tutukluluÄŸunun devamÄ±na karar verildi.
Korona testi pozitif Ã§Ä±kan Kadir hastaneden cezaevine geri gÃ¶nderiâ€¦";RT @ardasancak: New York Eyaletinde iki evcil kedi, COVID-19'a neden olan SARS-CoV-2 iÃ§in pozitif test sonucu verdi. Bununla birlikte hayvaâ€¦;@MuriloBeckerdaR KiralÄ±k korona;RT @MehmetAltanFan: Avrupa Konseyi Parlamenter Meclisi Covid-19 kapsamÄ±nda ayrÄ±mcÄ± ceza infaz yasasÄ±nÄ± dÃ¼zeltmek iÃ§in TÃ¼rkiye'ye acil adÄ±mâ€¦;COVID-19 hakkÄ±nda araÅŸtÄ±rma yaparken Ã§ok iyi istatistiklerin bulunduÄŸu bir Ã§alÄ±ÅŸmaya rastladÄ±m. GerÃ§ekten Ã§ok baÅŸarâ€¦ https://t.co/EEoiOUZZlY;RT @thd_genelmerkez: TÃ¼rk HemÅŸireler DerneÄŸi, meslektaÅŸlarÄ±mÄ±zdan e-postayla gelen mesajlar ile online anket sonuÃ§larÄ±ndan oluÅŸturduÄŸu, SaÄŸâ€¦
