@Xaqan_Bayramov @TheEconomist MÉ™ndÉ™ bayaq 5 butÄ±lka Korona vÉ™ bir limon aldÄ±m.;Sana all korona https://t.co/iG4uZUXYIS;thinkin about getting into a new historical series but I canâ€™t decide between muhteÅŸem yÃ¼zyÄ±l and korona krÃ³lÃ³w;@theakkkann @Scoodobydoo Gariban korona mÄ± iÃ§er amÄ±na koyduÄŸum;"@ArastunOrujlu XaricdÉ™n Zolotoy Korona ilÉ™ bu hesaba yollaya bilÉ™rlÉ™r 

qrup yoldaÅŸÄ±mÄ±zÄ±n hesabÄ±dÄ±r 

TÉ™ÅŸÉ™kkÃ¼rlÉ™r https://t.co/DHuDcpo6mj";"Halk aÄŸzÄ±nda â€œTekerleklilerâ€ olarak bildiÄŸimiz â€œRotiferalarâ€ ğŸ™€ 

Rotiferalar Ã§ok hÃ¼creli havanlarÄ±n en kÃ¼Ã§Ã¼klerindeâ€¦ https://t.co/hkmQRLcEp6";@guliz_gunduz @hayvanavukati @BlmDMR Merhaba, FÄ°P deÄŸil ama FÄ°V (korona virÃ¼sÃ¼nÃ¼n o derecede dejenere olmamÄ±ÅŸ varyaâ€¦ https://t.co/ttEuRmaKyJ;"RT @KozmikAnafor: GÃ¼neÅŸ'in yÃ¼zey sÄ±caklÄ±ÄŸÄ± yaklaÅŸÄ±k 6 bin santigrat derecedir. 

Ancak, yÃ¼zeyin epeyce Ã¼stÃ¼nde yer alan korona katmanÄ± milyâ€¦";"RT @KozmikAnafor: GÃ¼neÅŸ'in yÃ¼zey sÄ±caklÄ±ÄŸÄ± yaklaÅŸÄ±k 6 bin santigrat derecedir. 

Ancak, yÃ¼zeyin epeyce Ã¼stÃ¼nde yer alan korona katmanÄ± milyâ€¦";"GÃ¼neÅŸ'in yÃ¼zey sÄ±caklÄ±ÄŸÄ± yaklaÅŸÄ±k 6 bin santigrat derecedir. 

Ancak, yÃ¼zeyin epeyce Ã¼stÃ¼nde yer alan korona katmanâ€¦ https://t.co/BiYz9u1Sz9";"RT @HaysevSertac: Sokakta yediÄŸi tekme nedeniyle sakatlanmÄ±ÅŸ Korona Pozitif dostumuza Ã¶mÃ¼rlÃ¼k yuva aranÄ±yor Ä°STANBUL

https://t.co/iap3vFzDâ€¦";"RT @HaysevSertac: Sokakta yediÄŸi tekme nedeniyle sakatlanmÄ±ÅŸ Korona Pozitif dostumuza Ã¶mÃ¼rlÃ¼k yuva aranÄ±yor Ä°STANBUL

https://t.co/iap3vFzDâ€¦";Sokakta yediÄŸi tekme nedeniyle sakatlanmÄ±ÅŸ Korona Pozitif dostumuza Ã¶mÃ¼rlÃ¼k yuva aranÄ±yor Ä°STANBULâ€¦ https://t.co/DGFv8wbboW;"#canli #ekmekparasÄ± #tahmin

Pogon - Korona 
Toplam : 1,5 Ã¼st 

Oran: 1.66 

Oynamak iÃ§in ğŸ‘‰ https://t.co/RD2rxgr1M5 https://t.co/pkJXSNioEp";"âš½CanlÄ±
Pogon - Korona Kielce Tg 1.5 Ãœst";"Son 8 maÃ§Ä±nda yalnÄ±ca 1 gol atabilen Korona 10 kiÅŸi kalÄ±nca mÄ± geldin gaza? 
Pogon hadi cnm, hadi Ã§ocuÄŸum, bari sen de at bi tane ğŸ¤";"#canli #ekmekparasÄ± #tahmin

Total +0.5 / +1
Korona Kielce ilk yarÄ± sonunda kÄ±rmÄ±zÄ± kart aldÄ± ğŸ“ˆ
Pogon Szczecin'denâ€¦ https://t.co/BwBdRFtBUt";Ä°lÃ§e SaÄŸlÄ±k MÃ¼dÃ¼rlÃ¼ÄŸÃ¼mÃ¼z tarafÄ±ndan  umre ziyaretinde bulunacak vatandaÅŸlarÄ±mÄ±z, mers CoV (Orta DoÄŸu solunum sendroâ€¦ https://t.co/rsZh6USHZx;"KafamÄ± yastÄ±ÄŸa koyduÄŸum an
-Korona projem de oksijeni mi kessem,
Drone mu kullansam ? 
-Kendi yapay zekamÄ± yaparsamâ€¦ https://t.co/B5lFHn0BBU";Tek gÃ¶zÃ¼ gÃ¶rmeyen, bir patisi olmayan Korona Pozitif miniÄŸimize yuva aranÄ±yor. Ä°STANBUL BAYRAMPAÅAâ€¦ https://t.co/uOToiISr2i;"Dostumuz bu arada Korona Pozitif. BakÄ±mÄ±nda hassas olmak gerekebilir. Ä°STANBUL BAYRAMPAÅA

https://t.co/ubSrFqdmCbâ€¦ https://t.co/MtlyFbCE01";enGE KORONA SIZ https://t.co/l0WcsZoWwC;"Korona beceriksizliÄŸinin karÅŸÄ±lÄ±ÄŸÄ±nÄ± yenilgiyle aldÄ±. ÅanssÄ±z bir kayÄ±p.

Corona was repaid for his incompetence. Aâ€¦ https://t.co/cymGTCEqv7";"CanlÄ± !

Korona kielce _ Arka gydnia

1.5 Ã¼st

2.20";"Cuma #iddaakuponu 2
â±20:00ğŸ“Š3.82
Korona maÃ§Ä± biraz riskli, 1.5 Ã¼st tavsiye
#iddaa #bahis #iddaatahmin #betofthedayâ€¦ https://t.co/5aKGY7JL9d";@VolskaFc Kral korona maÃ§Ä± hakkÄ±nda yorumun ne olur;Polonya medyasÄ±nda yer alan habere gÃ¶re GÃ¶ztepe sÃ¶zleÅŸmesi Haziran 2020'de sona erecek olan BoÅŸnak stoper Adnan Kovâ€¦ https://t.co/fpeOkQ9FOz;@pir_anna opel korsa , doyoda korona da olabilir , malum almanya :);"ArkadaÅŸÄ±n neden almanyada o kadar araba varken toyota almÄ±ÅŸ diye sordular.
Kendisi borsaya baÅŸladÄ± Ã¶nlem olsun diyeâ€¦ https://t.co/boJ4wioK4d";@kivraksinan Korona deneylerinde haber vereyim buyrun oturup istiÅŸare edelim hocam.
