@delirdimyani Ulan korona virÃ¼sÃ¼ diye kafayÄ± yediniz kaÃ§ gÃ¼ndÃ¼r.otur bÄ± dÃ¼ÅŸÃ¼n dk baÅŸÄ± bomba patliyo etrafÄ±nda Ã¶lenâ€¦ https://t.co/1XHdj7PvfI;Bulgaristan'da korona virÃ¼sÃ¼ endiÅŸesi hakim https://t.co/J95cEee89f;RT @pekcan: Korona VirÃ¼sÃ¼ sebebiyle yurt iÃ§inde koruyucu maskelere fahiÅŸ fiyatlar uygulandÄ±ÄŸÄ±na dair gelen ihbarlarÄ± deÄŸerlendiriyor, ilgilâ€¦;Bulgaristan'da korona virÃ¼sÃ¼ endiÅŸesi hakim https://t.co/xTfyY6WcqG;"Ukrayna: ""Ä°talyaâ€™da bir vatandaÅŸÄ±mÄ±z korona virÃ¼sÃ¼ne yakalandÄ±"" https://t.co/rxOP3OeFis";Bulgaristan'da korona virÃ¼sÃ¼ endiÅŸesi hakim https://t.co/97ilmNzhOU;"YarÄ±n TÃ¼rkiyeâ€™de bir iki korona virÃ¼s vakasÄ± aÃ§Ä±klanÄ±rsa hiÃ§ ÅŸaÅŸmayÄ±n,ÅŸehitler gÃ¼ndemden dÃ¼ÅŸer.
 #sehitlerimizvar";"RT @AtillaYesilada1: GerÃ§ekten dÃ¼nya iÃ§in de Kara Gece, corona Kaliforniya'da, Wall Street Ã§Ã¶ktÃ¼

https://t.co/s3aXFd0bQZ";"Ha bu arada Korona bize kÄ±yak yapÄ±p pas geÃ§miÅŸ...
NasÄ±l oldu? SaÄŸÄ±mÄ±z, solumuz ebe ama biz uyanÄ±ÄŸÄ±z...
He tamam...â€¦ https://t.co/0Pp9YnRwui";"KaÅŸ barÄ± cÉ™nnÉ™t Korona virusa bulaÅŸmaya! AxÄ± deyiÅŸlÉ™rÉ™ gÃ¶rÉ™ bir qapÄ±sÄ± Qum ÅŸÉ™hÉ™rindÉ™ndir...
#Coronavirus";RT @islambunul: AK Parti SÃ¶zcÃ¼mÃ¼z Sn. @omerrcelik: Biraz evvel korona virÃ¼sle ilgili olarak net bir ÅŸekilde SaÄŸlÄ±k BakanÄ±mÄ±z aÃ§Ä±klamalar yaâ€¦;Sabah Hollandaâ€™daki ilk korona vakasÄ±, akÅŸam Tr- Ä°dlib derken farkÄ±na vardÄ±m ki gÃ¼ndeme iÅŸtirak ermek beni normaldeâ€¦ https://t.co/NwGFd50wwP;"RT @AtillaYesilada1: GerÃ§ekten dÃ¼nya iÃ§in de Kara Gece, corona Kaliforniya'da, Wall Street Ã§Ã¶ktÃ¼

https://t.co/s3aXFd0bQZ";KoronavirÃ¼s (Covid-19): Japonyaâ€™da birinci ve orta noktalÄ± okullar Mart ayÄ±nda saklÄ±Â olacak https://t.co/phLWX2uCzg https://t.co/EbcSe3P0oR;"RT @AtillaYesilada1: GerÃ§ekten dÃ¼nya iÃ§in de Kara Gece, corona Kaliforniya'da, Wall Street Ã§Ã¶ktÃ¼

https://t.co/s3aXFd0bQZ";"RT @DDGrubu: ""Korona virÃ¼s Åiilere bir ÅŸey yapmaz; SÃ¼nniler Ã¶lÃ¼r"" diyen HÃ¼srev Åahi Korona virÃ¼sten Ã¶lmÃ¼ÅŸ. #CoronavirusOutbreak
#CoronaViruâ€¦";"RT @AtillaYesilada1: GerÃ§ekten dÃ¼nya iÃ§in de Kara Gece, corona Kaliforniya'da, Wall Street Ã§Ã¶ktÃ¼

https://t.co/s3aXFd0bQZ";"RT @AtillaYesilada1: GerÃ§ekten dÃ¼nya iÃ§in de Kara Gece, corona Kaliforniya'da, Wall Street Ã§Ã¶ktÃ¼

https://t.co/s3aXFd0bQZ";"RT @AtillaYesilada1: GerÃ§ekten dÃ¼nya iÃ§in de Kara Gece, corona Kaliforniya'da, Wall Street Ã§Ã¶ktÃ¼

https://t.co/s3aXFd0bQZ";"RT @farukbeser: Sadece TÃ¼rkiye'de sigaradan her gÃ¼n 300 kiÅŸi Ã¶lÃ¼yor!
Sigara Korona virÃ¼sÃ¼nden daha tehlikeli deÄŸil mi?";"RT @AtillaYesilada1: GerÃ§ekten dÃ¼nya iÃ§in de Kara Gece, corona Kaliforniya'da, Wall Street Ã§Ã¶ktÃ¼

https://t.co/s3aXFd0bQZ";RT @pekcan: Korona VirÃ¼sÃ¼ sebebiyle yurt iÃ§inde koruyucu maskelere fahiÅŸ fiyatlar uygulandÄ±ÄŸÄ±na dair gelen ihbarlarÄ± deÄŸerlendiriyor, ilgilâ€¦;RT @CuneytYonet: Korona virÃ¼sÃ¼nÃ¼ tabiki Ã¶nemseyeceÄŸiz,Ã¶nlemlerimizi alacaÄŸÄ±z ama,asÄ±l korunmamÄ±z gereken ve daha fazla Ã¶nlem almamÄ±z gerekeâ€¦;"RT @AtillaYesilada1: GerÃ§ekten dÃ¼nya iÃ§in de Kara Gece, corona Kaliforniya'da, Wall Street Ã§Ã¶ktÃ¼

https://t.co/s3aXFd0bQZ";"RT @AtillaYesilada1: GerÃ§ekten dÃ¼nya iÃ§in de Kara Gece, corona Kaliforniya'da, Wall Street Ã§Ã¶ktÃ¼

https://t.co/s3aXFd0bQZ";"RT @DrMetinCakir: ğŸ’‰KoronavrÃ¼sÃ¼ hakkÄ±nda son bilgiler :
ğŸ“ŒYayÄ±lma hÄ±zÄ± yÃ¼ksek
ğŸ“ŒhastalarÄ±n %80ni hafif belirtilerle atlatÄ±yor.
ğŸ“Œ%15 i aÄŸÄ±r seyâ€¦";"RT @AtillaYesilada1: GerÃ§ekten dÃ¼nya iÃ§in de Kara Gece, corona Kaliforniya'da, Wall Street Ã§Ã¶ktÃ¼

https://t.co/s3aXFd0bQZ";"RT @AtillaYesilada1: GerÃ§ekten dÃ¼nya iÃ§in de Kara Gece, corona Kaliforniya'da, Wall Street Ã§Ã¶ktÃ¼

https://t.co/s3aXFd0bQZ";"RT @AtillaYesilada1: GerÃ§ekten dÃ¼nya iÃ§in de Kara Gece, corona Kaliforniya'da, Wall Street Ã§Ã¶ktÃ¼

https://t.co/s3aXFd0bQZ";"GerÃ§ekten dÃ¼nya iÃ§in de Kara Gece, corona Kaliforniya'da, Wall Street Ã§Ã¶ktÃ¼

https://t.co/s3aXFd0bQZ";@pnth5u @Dogu_Perincek korona virÃ¼se yazÄ±k.;"RT @hhakkikahveci: BurasÄ± Ankara Metro istasyonlarÄ±. 
Korona VirÃ¼sÃ¼ artÄ±k Ankara 'ya ulaÅŸtÄ± . 
Korunmak iÃ§in temizlik yapÄ±lÄ±yor. Herkes plaâ€¦";"RT @Meral_Cakmaktas: ""Allahcc. MUHAMMET"" AÅKINA  korona deyil ALLAHIN GAZABI DEÄÄ°L KAFÄ°RÄ°N ASKERÄ° VURDU .ÅEHÄ°TLERÄ°MÄ°Z VAR  .MAKAM MEVKÄ° CENâ€¦";@memo_gms47 @4Esmeriim bu corona amÄ±mÄ±za korona;@Aksakalli02 @focusonline Ulan TÃ¼rkiyed korona yok;KoronavirÃ¼s (Covid-19): Japonya'da ilk ve orta dereceli okullar virÃ¼sÃ¼n yayÄ±lmasÄ±nÄ± Ã¶nlemek iÃ§in Mart ayÄ±nda kapalÄ±â€¦ https://t.co/wzu3qH0TCr;RT @TURK_infaks: Rusya'nÄ±n en Ã§ok korktuÄŸu durum, binlerce IÅÄ°D terÃ¶ristlerinin Kafkaslardan Rusya'ya sÄ±zmalarÄ± ki bu da Rusya'nÄ±n bir 10 yâ€¦;@TwiterSonDakika Suan korona virus hicte Ã¶nemli degil, sehit haberleri var baslicam koronanizada maskenizede yaaa;"RT @osmangozagac: ""Ä°ran sÄ±nÄ±rÄ±nda 150 asker aynÄ± taburda bulunan korona virÃ¼slÃ¼ bir askerden geÃ§en salgÄ±n nedeniyle korona virÃ¼sÃ¼nden Ã¶ldÃ¼""â€¦";"RT @euronews_tr: Filmdeki virÃ¼s salgÄ±nÄ± Ã‡in'de baÅŸlÄ±yor

VirÃ¼s, yarasalardan insanlara bulaÅŸÄ±yor 

Hastalar gribe benzer semptomlar gÃ¶steriâ€¦";@slmhktn Åu korona tez zamanda Hamaney'e de bulaÅŸÄ±r inÅŸAllah da kendi derdine dÃ¼ÅŸer;"We are stronger than you #corona
#koronavirÃ¼sÃ¼ #korona 
#saÄŸlÄ±k
#muÅŸ
#yabancÄ±dil
#ingilizcekursu @ MuÅŸ https://t.co/ST6i3w7WvU";RT @eminegozuboz: Åehit haberleri gelsin, korona Ã¼lkemize girsin diye sÃ¼rekli didinip duranlar, Allah belanÄ±zÄ± bizden uzakta versin. Ahan dâ€¦;RT @pekcan: Korona VirÃ¼sÃ¼ sebebiyle yurt iÃ§inde koruyucu maskelere fahiÅŸ fiyatlar uygulandÄ±ÄŸÄ±na dair gelen ihbarlarÄ± deÄŸerlendiriyor, ilgilâ€¦;"RT @tipdunyasi_ttb: ğŸ“¢ KoronavirÃ¼s - TÃ¼rkiye'de Son Durum Ne?

ğŸ“TÃ¼rk Tabipleri BirliÄŸi Covid-19 Ä°zleme Grubu'nun basÄ±n toplantÄ±sÄ±

ğŸ—“ï¸ 28 Åubâ€¦";"RT @DrMetinCakir: ğŸ’‰KoronavrÃ¼sÃ¼ hakkÄ±nda son bilgiler :
ğŸ“ŒYayÄ±lma hÄ±zÄ± yÃ¼ksek
ğŸ“ŒhastalarÄ±n %80ni hafif belirtilerle atlatÄ±yor.
ğŸ“Œ%15 i aÄŸÄ±r seyâ€¦";RT @pekcan: Korona VirÃ¼sÃ¼ sebebiyle yurt iÃ§inde koruyucu maskelere fahiÅŸ fiyatlar uygulandÄ±ÄŸÄ±na dair gelen ihbarlarÄ± deÄŸerlendiriyor, ilgilâ€¦;RT @cevheriguven: Erzurum'daki Korona Karantina Hastanesinin iÃ§inden ilk gÃ¶rÃ¼ntÃ¼ler... GÃ¶revlilerin kÄ±yafetleri iÃ§eride hasta/lar olduÄŸunuâ€¦;"RT @farukbeser: Sadece TÃ¼rkiye'de sigaradan her gÃ¼n 300 kiÅŸi Ã¶lÃ¼yor!
Sigara Korona virÃ¼sÃ¼nden daha tehlikeli deÄŸil mi?";RT @pekcan: Korona VirÃ¼sÃ¼ sebebiyle yurt iÃ§inde koruyucu maskelere fahiÅŸ fiyatlar uygulandÄ±ÄŸÄ±na dair gelen ihbarlarÄ± deÄŸerlendiriyor, ilgilâ€¦;"RT @cumhuriyetgzt: Ä°stanbul Tabip OdasÄ±'ndan Covid-19 aÃ§Ä±klamasÄ±: HastalarÄ±n Ã§oÄŸu bu virÃ¼sÃ¼ evde geÃ§iriyor ve biz farkÄ±nda deÄŸiliz

https:/â€¦";"RT @cumhuriyetgzt: Ä°stanbul Tabip OdasÄ±'ndan Covid-19 aÃ§Ä±klamasÄ±: HastalarÄ±n Ã§oÄŸu bu virÃ¼sÃ¼ evde geÃ§iriyor ve biz farkÄ±nda deÄŸiliz

https:/â€¦";Zekaya bak. Ä°ran'Ä± korona yok etti. TÃ¼rkiye'yi de bÃ¶yle vuralÄ±m yok olsunlar... yok yaaa Sizin zekanÄ±z kadar bizimâ€¦ https://t.co/nc38YWa6ii;"RT @DrMetinCakir: ğŸ’‰KoronavrÃ¼sÃ¼ hakkÄ±nda son bilgiler :
ğŸ“ŒYayÄ±lma hÄ±zÄ± yÃ¼ksek
ğŸ“ŒhastalarÄ±n %80ni hafif belirtilerle atlatÄ±yor.
ğŸ“Œ%15 i aÄŸÄ±r seyâ€¦";ya allah kahretsin ben 20 yaÅŸÄ±na kadar ne depremler ne darbeler ne virÃ¼sler ne savaÅŸlar gÃ¶rdÃ¼m yeter lan artÄ±k kellâ€¦ https://t.co/CJsYLxvns6;"RT @ElaipekAydin: Cehaletin tedavisi Okulu yok..

Kur'an-Ä± Kerim AcÄ±yormuÅŸuz ,Bakara Suresinin
sayfalar arasÄ±nda bir veya birkaÃ§ tane kÄ±l bâ€¦";RT @TURK_infaks: Rusya'nÄ±n en Ã§ok korktuÄŸu durum, binlerce IÅÄ°D terÃ¶ristlerinin Kafkaslardan Rusya'ya sÄ±zmalarÄ± ki bu da Rusya'nÄ±n bir 10 yâ€¦;RT @pekcan: Korona VirÃ¼sÃ¼ sebebiyle yurt iÃ§inde koruyucu maskelere fahiÅŸ fiyatlar uygulandÄ±ÄŸÄ±na dair gelen ihbarlarÄ± deÄŸerlendiriyor, ilgilâ€¦;Rusya'nÄ±n en Ã§ok korktuÄŸu durum, binlerce IÅÄ°D terÃ¶ristlerinin Kafkaslardan Rusya'ya sÄ±zmalarÄ± ki bu da Rusya'nÄ±n bâ€¦ https://t.co/kTaPHtEw57;RT @CuneytYonet: Korona virÃ¼sÃ¼nÃ¼ tabiki Ã¶nemseyeceÄŸiz,Ã¶nlemlerimizi alacaÄŸÄ±z ama,asÄ±l korunmamÄ±z gereken ve daha fazla Ã¶nlem almamÄ±z gerekeâ€¦;Babam korona virÃ¼sÃ¼n yÃ¼zÃ¼nden kapÄ± dÄ±ÅŸarÄ± Ã§Ä±kmaya korkuyo, maÄŸazada ne var ne yok eve stoklamamÄ±zÄ± istiyo bir de giâ€¦ https://t.co/e03MpJNnyg;RT @cevheriguven: Erzurum'daki Korona Karantina Hastanesinin iÃ§inden ilk gÃ¶rÃ¼ntÃ¼ler... GÃ¶revlilerin kÄ±yafetleri iÃ§eride hasta/lar olduÄŸunuâ€¦;RT @pekcan: Korona VirÃ¼sÃ¼ sebebiyle yurt iÃ§inde koruyucu maskelere fahiÅŸ fiyatlar uygulandÄ±ÄŸÄ±na dair gelen ihbarlarÄ± deÄŸerlendiriyor, ilgilâ€¦;RT @pekcan: Korona VirÃ¼sÃ¼ sebebiyle yurt iÃ§inde koruyucu maskelere fahiÅŸ fiyatlar uygulandÄ±ÄŸÄ±na dair gelen ihbarlarÄ± deÄŸerlendiriyor, ilgilâ€¦;RT @eminegozuboz: Åehit haberleri gelsin, korona Ã¼lkemize girsin diye sÃ¼rekli didinip duranlar, Allah belanÄ±zÄ± bizden uzakta versin. Ahan dâ€¦;"Ukrayna: ""Ä°talyaâ€™da bir vatandaÅŸÄ±mÄ±z korona virÃ¼sÃ¼ne yakalandÄ±"" https://t.co/P1sK8j0n27";RT @pekcan: Korona VirÃ¼sÃ¼ sebebiyle yurt iÃ§inde koruyucu maskelere fahiÅŸ fiyatlar uygulandÄ±ÄŸÄ±na dair gelen ihbarlarÄ± deÄŸerlendiriyor, ilgilâ€¦;RT @pekcan: Korona VirÃ¼sÃ¼ sebebiyle yurt iÃ§inde koruyucu maskelere fahiÅŸ fiyatlar uygulandÄ±ÄŸÄ±na dair gelen ihbarlarÄ± deÄŸerlendiriyor, ilgilâ€¦;RT @pekcan: Korona VirÃ¼sÃ¼ sebebiyle yurt iÃ§inde koruyucu maskelere fahiÅŸ fiyatlar uygulandÄ±ÄŸÄ±na dair gelen ihbarlarÄ± deÄŸerlendiriyor, ilgilâ€¦;RT @pekcan: Korona VirÃ¼sÃ¼ sebebiyle yurt iÃ§inde koruyucu maskelere fahiÅŸ fiyatlar uygulandÄ±ÄŸÄ±na dair gelen ihbarlarÄ± deÄŸerlendiriyor, ilgilâ€¦;RT @pekcan: Korona VirÃ¼sÃ¼ sebebiyle yurt iÃ§inde koruyucu maskelere fahiÅŸ fiyatlar uygulandÄ±ÄŸÄ±na dair gelen ihbarlarÄ± deÄŸerlendiriyor, ilgilâ€¦;Ä°ran'da bir #KadÄ±nFutbol sporcusu (aslÄ±nda kadÄ±n futsal) Korona virÃ¼sÃ¼nden Ã¶lmÃ¼ÅŸ. Yerel bir kulÃ¼pte sporcuymuÅŸ sanÄ±â€¦ https://t.co/oN4HPBcrRy;"RT @AliCerkezoglu: SayÄ±n Bakan, 
SÄ±nÄ±rlarÄ± kevgire dÃ¶nmÃ¼ÅŸ Ã¼lkemizin etrafÄ±ndaki bÃ¼tÃ¼n Ã¼lkelerde var da bir tek bizde Korona ( Covid-19) vakâ€¦";"RT @Dasfeodal: Wuhan'dan Ã§Ä±ktÄ± yola
Tahran'da verdi mola
Panzehir mi tarhana
Korona virÃ¼sÃ¼ne

SÄ±nÄ±r tanÄ±maz serbest
KÄ±rk iki millet derdestâ€¦";HastalanÄ±yorum galiba hoÅŸ geldin korona bebekğŸ¦ ;RT @pekcan: Korona VirÃ¼sÃ¼ sebebiyle yurt iÃ§inde koruyucu maskelere fahiÅŸ fiyatlar uygulandÄ±ÄŸÄ±na dair gelen ihbarlarÄ± deÄŸerlendiriyor, ilgilâ€¦;RT @CuneytYonet: Korona virÃ¼sÃ¼nÃ¼ tabiki Ã¶nemseyeceÄŸiz,Ã¶nlemlerimizi alacaÄŸÄ±z ama,asÄ±l korunmamÄ±z gereken ve daha fazla Ã¶nlem almamÄ±z gerekeâ€¦;RT @cevheriguven: Erzurum'daki Korona Karantina Hastanesinin iÃ§inden ilk gÃ¶rÃ¼ntÃ¼ler... GÃ¶revlilerin kÄ±yafetleri iÃ§eride hasta/lar olduÄŸunuâ€¦;"RT @tersstres: @RTErdogan TÃ¼rkiye BÃ¼yÃ¼k MilletMeclisimizde
KORONA  VirÃ¼sÃ¼nden daha tehlikeli
Ucubeler var   Partilerimizi saymÄ±yorum bileâ€¦";Korona virÃ¼sÃ¼nÃ¼n ta amk . 22 ÅŸehit vermiÅŸiz adam korono virÃ¼sÃ¼ anlatÄ±yor . Amk geri zekalÄ±sÄ±;RT @cevheriguven: Erzurum'daki Korona Karantina Hastanesinin iÃ§inden ilk gÃ¶rÃ¼ntÃ¼ler... GÃ¶revlilerin kÄ±yafetleri iÃ§eride hasta/lar olduÄŸunuâ€¦;"RT @DrMetinCakir: ğŸ’‰KoronavrÃ¼sÃ¼ hakkÄ±nda son bilgiler :
ğŸ“ŒYayÄ±lma hÄ±zÄ± yÃ¼ksek
ğŸ“ŒhastalarÄ±n %80ni hafif belirtilerle atlatÄ±yor.
ğŸ“Œ%15 i aÄŸÄ±r seyâ€¦";RT @cevheriguven: Erzurum'daki Korona Karantina Hastanesinin iÃ§inden ilk gÃ¶rÃ¼ntÃ¼ler... GÃ¶revlilerin kÄ±yafetleri iÃ§eride hasta/lar olduÄŸunuâ€¦;"SavaÅŸtÄ±rÄ±lanlar Ã¼zerine...
Ne iÃ§in Ã¶ldÃ¼rÃ¼ldÃ¼nÃ¼z savaÅŸtÄ±rÄ±lanlar?

https://t.co/r19B4mtdoD

https://t.co/MGfm8GviBzâ€¦ https://t.co/Z48yx7Kp3b";RT @eminegozuboz: Åehit haberleri gelsin, korona Ã¼lkemize girsin diye sÃ¼rekli didinip duranlar, Allah belanÄ±zÄ± bizden uzakta versin. Ahan dâ€¦;RT @nevsinmengu: korona tasÄ± taraÄŸÄ± toplayÄ±p Ä°ranâ€™dan gider artÄ±k;RT @cevheriguven: Erzurum'daki Korona Karantina Hastanesinin iÃ§inden ilk gÃ¶rÃ¼ntÃ¼ler... GÃ¶revlilerin kÄ±yafetleri iÃ§eride hasta/lar olduÄŸunuâ€¦;"RT @Dasfeodal: Wuhan'dan Ã§Ä±ktÄ± yola
Tahran'da verdi mola
Panzehir mi tarhana
Korona virÃ¼sÃ¼ne

SÄ±nÄ±r tanÄ±maz serbest
KÄ±rk iki millet derdestâ€¦";RT @pekcan: Korona VirÃ¼sÃ¼ sebebiyle yurt iÃ§inde koruyucu maskelere fahiÅŸ fiyatlar uygulandÄ±ÄŸÄ±na dair gelen ihbarlarÄ± deÄŸerlendiriyor, ilgilâ€¦;"RT @DDGrubu: ""Korona virÃ¼s Åiilere bir ÅŸey yapmaz; SÃ¼nniler Ã¶lÃ¼r"" diyen HÃ¼srev Åahi Korona virÃ¼sten Ã¶lmÃ¼ÅŸ. #CoronavirusOutbreak
#CoronaViruâ€¦";"RT @DDGrubu: ""Korona virÃ¼s Åiilere bir ÅŸey yapmaz; SÃ¼nniler Ã¶lÃ¼r"" diyen HÃ¼srev Åahi Korona virÃ¼sten Ã¶lmÃ¼ÅŸ. #CoronavirusOutbreak
#CoronaViruâ€¦";Tabip odasinki leri karantinaya almali. Adamlara Covid-19 varmis farkinda degillermis https://t.co/UPDKm5bAwl;@cumhuriyetgzt Tabip odasinki leri karantinaya almali. Adamlara Covid-19 varmis farkinda degillermis;"RT @Dasfeodal: Wuhan'dan Ã§Ä±ktÄ± yola
Tahran'da verdi mola
Panzehir mi tarhana
Korona virÃ¼sÃ¼ne

SÄ±nÄ±r tanÄ±maz serbest
KÄ±rk iki millet derdestâ€¦";"@ankaajanscanli @emreibrahimovic Yok ya biz bu sÄ±nÄ±rlarÄ± kapamayÄ± bilmiyoruz Ã¶nce Suriyeliler ÅŸimdi Korona 
GÃ¼zel Ãœlkemin iÃ§ine ettiniz ğŸ‘ğŸ»";OHA! Okuldan mail geldi Mart ayÄ±ndaki (mezuniyet tÃ¶reni bile dahil) bÃ¼tÃ¼n etkinlikleri iptal etmiÅŸler! Ulan yaa hikâ€¦ https://t.co/AaIQ97RwqB;"UnutmayalÄ±m :
Dert ne korona virÃ¼s'Ã¼dÃ¼r ne terÃ¶r ne kirli seÃ§imler . 
Dert ortada olmayan bir gÃ¼zel ortak dÃ¼ÅŸÃ¼ncediâ€¦ https://t.co/PYjRi6vwJn";ben aday olsam daha fazla oy alirim bu ne konusuyo ya hala bidi bidi ediyo cin'e gidip korona kapsana ya sen https://t.co/1qPjR7w7k2;"RT @traderAT12: #coronavirus #corona 
#koronavirus #korona 
ABD'nin Kaliforniya eyaletinde 33 kiÅŸide #corona  tespit edildi, vakalarÄ±n 5'inâ€¦";Trump, korona virÃ¼sÃ¼ ile mÃ¼cadele iÃ§in Mike Penceâ€™i gÃ¶revlendirdi.. https://t.co/FMwJ8pq5eY
