7 bin kiÅŸilik gemide Korona virÃ¼sÃ¼ ÅŸÃ¼phesi https://t.co/whdJ45XrOW;7 bin kiÅŸilik gemide Korona virÃ¼sÃ¼ ÅŸÃ¼phesi https://t.co/ZCIoZNrf0X https://t.co/b6QWOIP39R;"RT @SunaVarol_: DÃ¼nya SaÄŸlÄ±k Ã–rgÃ¼tÃ¼ korona virÃ¼sÃ¼ iÃ§in acil durum ilan etti.

Korona VirÃ¼sÃ¼ iÃ§in alÄ±nan tedbirler araÅŸtÄ±rÄ±lsÄ±n Ã¶nergesi AKPâ€¦";"RT @TK_HelpDesk: â„¹
Korona VirÃ¼sÃ¼ kaynaklÄ± durumu ve son geliÅŸmeleri ulusal ve uluslararasÄ± otoritelerle deÄŸerlendirmek iÃ§in; Pekin, Guangzhâ€¦";Ã‡inâ€™de korona virÃ¼s vakasÄ± nedeniyle Ã¶lÃ¼ sayÄ±sÄ± 170â€™e yÃ¼kseldi.. https://t.co/SLKl7Xfduf;"RT @fuatozhan: DÃ¼nya SaÄŸlÄ±k Ã–rgÃ¼tÃ¼  Corona virÃ¼sÃ¼ nedeniyle uluslararasÄ± acil durum ilan ederken .

BirleÅŸik KrallÄ±k  Ã¼lkede Corona virÃ¼sÃ¼nâ€¦";#coronavirues #coronavirus  #coronarovirus  Korona VirÃ¼sÃ¼  yayÄ±lÄ±mÄ±, Ã¶lÃ¼ sayÄ±sÄ±na dair online harita oluÅŸturuldu. Hâ€¦ https://t.co/jEmUBrJvGa;Korona da iÃ§sinler inÅŸ. ğŸ˜¡ https://t.co/mjXxHpl7j2;"RT @orhanaydin6: DÄ°KKAT!
BugÃ¼n AKP-MHP oylarÄ±yla tedbirlerin alÄ±nmasÄ±nÄ±n reddedildiÄŸi KORONA VÄ°RÃœSÃœ iÃ§in DÃ¼nya SaÄŸlÄ±k Ã–rgÃ¼tÃ¼ ALARM ilan ettâ€¦";"RT @orhanaydin6: DÄ°KKAT!
BugÃ¼n AKP-MHP oylarÄ±yla tedbirlerin alÄ±nmasÄ±nÄ±n reddedildiÄŸi KORONA VÄ°RÃœSÃœ iÃ§in DÃ¼nya SaÄŸlÄ±k Ã–rgÃ¼tÃ¼ ALARM ilan ettâ€¦";"RT @yhyustun: Korona VirÃ¼sÃ¼ kaynaklÄ± durumu ve son geliÅŸmeleri ulusal ve uluslararasÄ± otoritelerle deÄŸerlendirmek iÃ§in; Pekin, Guangzhou, Åâ€¦";korona varken lassa nerden Ã§Ä±ktÄ± ÅŸimdi;"RT @orhanaydin6: DÄ°KKAT!
BugÃ¼n AKP-MHP oylarÄ±yla tedbirlerin alÄ±nmasÄ±nÄ±n reddedildiÄŸi KORONA VÄ°RÃœSÃœ iÃ§in DÃ¼nya SaÄŸlÄ±k Ã–rgÃ¼tÃ¼ ALARM ilan ettâ€¦";ğŸ”´Sondakika saÄŸlÄ±k Ã¶rgÃ¼tÃ¼ Ã§in hubei de 600 yeni korona virÃ¼sÃ¼ vakasÄ± daha tespit etti bugÃ¼n toplam 1800 kiÅŸi oldu.;"RT @batuhancolak33: THY Ä±srarla, Ã‡in'e yapÄ±lan seferleri durdurmuyor,

Meclis'te, korona virÃ¼sÃ¼ iÃ§in ulusal Ã¶nlemlerin belirleneceÄŸi komisyâ€¦";"RT @orhanaydin6: DÄ°KKAT!
BugÃ¼n AKP-MHP oylarÄ±yla tedbirlerin alÄ±nmasÄ±nÄ±n reddedildiÄŸi KORONA VÄ°RÃœSÃœ iÃ§in DÃ¼nya SaÄŸlÄ±k Ã–rgÃ¼tÃ¼ ALARM ilan ettâ€¦";"RT @orhanaydin6: DÄ°KKAT!
BugÃ¼n AKP-MHP oylarÄ±yla tedbirlerin alÄ±nmasÄ±nÄ±n reddedildiÄŸi KORONA VÄ°RÃœSÃœ iÃ§in DÃ¼nya SaÄŸlÄ±k Ã–rgÃ¼tÃ¼ ALARM ilan ettâ€¦";"RT @orhanaydin6: DÄ°KKAT!
BugÃ¼n AKP-MHP oylarÄ±yla tedbirlerin alÄ±nmasÄ±nÄ±n reddedildiÄŸi KORONA VÄ°RÃœSÃœ iÃ§in DÃ¼nya SaÄŸlÄ±k Ã–rgÃ¼tÃ¼ ALARM ilan ettâ€¦";"RT @GayeUsluer: Ã‡ok Ã¶nemli!

DÃ¼nya SaÄŸlÄ±k Ã–rgÃ¼tÃ¼ Korona VirÃ¼s iÃ§in UluslararasÄ± ACÄ°L DURUM ilan etti!

#dsÃ¶ #koronavirus";"RT @yhyustun: Korona VirÃ¼sÃ¼ kaynaklÄ± durumu ve son geliÅŸmeleri ulusal ve uluslararasÄ± otoritelerle deÄŸerlendirmek iÃ§in; Pekin, Guangzhou, Åâ€¦";"RT @orhanaydin6: DÄ°KKAT!
BugÃ¼n AKP-MHP oylarÄ±yla tedbirlerin alÄ±nmasÄ±nÄ±n reddedildiÄŸi KORONA VÄ°RÃœSÃœ iÃ§in DÃ¼nya SaÄŸlÄ±k Ã–rgÃ¼tÃ¼ ALARM ilan ettâ€¦";"RT @yhyustun: Korona VirÃ¼sÃ¼ kaynaklÄ± durumu ve son geliÅŸmeleri ulusal ve uluslararasÄ± otoritelerle deÄŸerlendirmek iÃ§in; Pekin, Guangzhou, Åâ€¦";Anti korona virÃ¼s tulum aldim. 2020 hadi hasta et amk hadiii. https://t.co/HzflbBgk9N;"RT @SunaVarol_: DÃ¼nya SaÄŸlÄ±k Ã–rgÃ¼tÃ¼ korona virÃ¼sÃ¼ iÃ§in acil durum ilan etti.

Korona VirÃ¼sÃ¼ iÃ§in alÄ±nan tedbirler araÅŸtÄ±rÄ±lsÄ±n Ã¶nergesi AKPâ€¦";"RT @SunaVarol_: DÃ¼nya SaÄŸlÄ±k Ã–rgÃ¼tÃ¼ korona virÃ¼sÃ¼ iÃ§in acil durum ilan etti.

Korona VirÃ¼sÃ¼ iÃ§in alÄ±nan tedbirler araÅŸtÄ±rÄ±lsÄ±n Ã¶nergesi AKPâ€¦";"RT @TK_HelpDesk: â„¹
Korona VirÃ¼sÃ¼ kaynaklÄ± durumu ve son geliÅŸmeleri ulusal ve uluslararasÄ± otoritelerle deÄŸerlendirmek iÃ§in; Pekin, Guangzhâ€¦";"RT @orhanaydin6: DÄ°KKAT!
BugÃ¼n AKP-MHP oylarÄ±yla tedbirlerin alÄ±nmasÄ±nÄ±n reddedildiÄŸi KORONA VÄ°RÃœSÃœ iÃ§in DÃ¼nya SaÄŸlÄ±k Ã–rgÃ¼tÃ¼ ALARM ilan ettâ€¦";"RT @ORHANOSMANOGLU: KIYMETLÄ° OKURLARIMIZ
OsmanoÄŸlu ailesi olarak, sÃ¼rgÃ¼n edildik. Fakat zinhar yÃ¼ce devletimizi kimseye ÅŸikayet etmedik. Alâ€¦";"RT @orhanaydin6: DÄ°KKAT!
BugÃ¼n AKP-MHP oylarÄ±yla tedbirlerin alÄ±nmasÄ±nÄ±n reddedildiÄŸi KORONA VÄ°RÃœSÃœ iÃ§in DÃ¼nya SaÄŸlÄ±k Ã–rgÃ¼tÃ¼ ALARM ilan ettâ€¦";"RT @orhanaydin6: DÄ°KKAT!
BugÃ¼n AKP-MHP oylarÄ±yla tedbirlerin alÄ±nmasÄ±nÄ±n reddedildiÄŸi KORONA VÄ°RÃœSÃœ iÃ§in DÃ¼nya SaÄŸlÄ±k Ã–rgÃ¼tÃ¼ ALARM ilan ettâ€¦";"RT @TK_HelpDesk: â„¹
Korona VirÃ¼sÃ¼ kaynaklÄ± durumu ve son geliÅŸmeleri ulusal ve uluslararasÄ± otoritelerle deÄŸerlendirmek iÃ§in; Pekin, Guangzhâ€¦";"RT @batuhancolak33: THY Ä±srarla, Ã‡in'e yapÄ±lan seferleri durdurmuyor,

Meclis'te, korona virÃ¼sÃ¼ iÃ§in ulusal Ã¶nlemlerin belirleneceÄŸi komisyâ€¦";"RT @Cansu__Demir__: DÃ¼nya SaÄŸlÄ±k Ã–rgÃ¼tÃ¼ Korona VirÃ¼s nedeniyle UluslararasÄ± Acil Durum ilan etti. 

TÃ¼rkiyeâ€™de ise Ä°YÄ° Partiâ€™nin Korona virâ€¦";"RT @ORHANOSMANOGLU: KIYMETLÄ° OKURLARIMIZ
OsmanoÄŸlu ailesi olarak, sÃ¼rgÃ¼n edildik. Fakat zinhar yÃ¼ce devletimizi kimseye ÅŸikayet etmedik. Alâ€¦";"RT @TK_HelpDesk: â„¹
Korona VirÃ¼sÃ¼ kaynaklÄ± durumu ve son geliÅŸmeleri ulusal ve uluslararasÄ± otoritelerle deÄŸerlendirmek iÃ§in; Pekin, Guangzhâ€¦";"RT @orhanaydin6: DÄ°KKAT!
BugÃ¼n AKP-MHP oylarÄ±yla tedbirlerin alÄ±nmasÄ±nÄ±n reddedildiÄŸi KORONA VÄ°RÃœSÃœ iÃ§in DÃ¼nya SaÄŸlÄ±k Ã–rgÃ¼tÃ¼ ALARM ilan ettâ€¦";"RT @TK_HelpDesk: â„¹
Korona VirÃ¼sÃ¼ kaynaklÄ± durumu ve son geliÅŸmeleri ulusal ve uluslararasÄ± otoritelerle deÄŸerlendirmek iÃ§in; Pekin, Guangzhâ€¦";"Beni sen nasÄ±l terkettin
BÄ±rakÄ±p gittin
Ã‡ok ayÄ±p ettin eyvallah
Åimdi halsizliÄŸin tutsun
Motorun bozulsun
korona gribi ol inÅŸallah.";RT @ZetLorento: 1- Korona virÃ¼sÃ¼ ile ilgili internetteki kesin ve teyitli bilgileri bu tweetin altÄ±nda toplamaya Ã§alÄ±ÅŸacaÄŸÄ±m. Bu tweet seriâ€¦;"RT @orhanaydin6: DÄ°KKAT!
BugÃ¼n AKP-MHP oylarÄ±yla tedbirlerin alÄ±nmasÄ±nÄ±n reddedildiÄŸi KORONA VÄ°RÃœSÃœ iÃ§in DÃ¼nya SaÄŸlÄ±k Ã–rgÃ¼tÃ¼ ALARM ilan ettâ€¦";"RT @orhanaydin6: DÄ°KKAT!
BugÃ¼n AKP-MHP oylarÄ±yla tedbirlerin alÄ±nmasÄ±nÄ±n reddedildiÄŸi KORONA VÄ°RÃœSÃœ iÃ§in DÃ¼nya SaÄŸlÄ±k Ã–rgÃ¼tÃ¼ ALARM ilan ettâ€¦";"RT @TK_HelpDesk: â„¹
Korona VirÃ¼sÃ¼ kaynaklÄ± durumu ve son geliÅŸmeleri ulusal ve uluslararasÄ± otoritelerle deÄŸerlendirmek iÃ§in; Pekin, Guangzhâ€¦";"RT @SunaVarol_: DÃ¼nya SaÄŸlÄ±k Ã–rgÃ¼tÃ¼ korona virÃ¼sÃ¼ iÃ§in acil durum ilan etti.

Korona VirÃ¼sÃ¼ iÃ§in alÄ±nan tedbirler araÅŸtÄ±rÄ±lsÄ±n Ã¶nergesi AKPâ€¦";"RT @SunaVarol_: DÃ¼nya SaÄŸlÄ±k Ã–rgÃ¼tÃ¼ korona virÃ¼sÃ¼ iÃ§in acil durum ilan etti.

Korona VirÃ¼sÃ¼ iÃ§in alÄ±nan tedbirler araÅŸtÄ±rÄ±lsÄ±n Ã¶nergesi AKPâ€¦";"@abdullahciftcib Abd joponyaya  2 tane atom bombasÄ± attÄ± ve Japonya teslim  olmuÅŸtu. 
Åimdi de Ã‡in e korona virÃ¼sÃ¼â€¦ https://t.co/3vDwaQjX5u";"RT @TK_HelpDesk: â„¹
Korona VirÃ¼sÃ¼ kaynaklÄ± durumu ve son geliÅŸmeleri ulusal ve uluslararasÄ± otoritelerle deÄŸerlendirmek iÃ§in; Pekin, Guangzhâ€¦";"RT @yhyustun: Korona VirÃ¼sÃ¼ kaynaklÄ± durumu ve son geliÅŸmeleri ulusal ve uluslararasÄ± otoritelerle deÄŸerlendirmek iÃ§in; Pekin, Guangzhou, Åâ€¦";"RT @TK_HelpDesk: â„¹
Korona VirÃ¼sÃ¼ kaynaklÄ± durumu ve son geliÅŸmeleri ulusal ve uluslararasÄ± otoritelerle deÄŸerlendirmek iÃ§in; Pekin, Guangzhâ€¦";"RT @CoronaV1russue: Ã‡inde marketde maskesiz dolaÅŸÄ±p Ã¼rÃ¼nlerin Ã¼zerine tÃ¼kÃ¼ren kadÄ±na polis mÃ¼dahale etti

#korona #corona #coronarvirus #coâ€¦";"RT @CoronaV1russue: Ã‡inde tÄ±bbÄ± malzemelerin yetersizliÄŸinden dolayÄ± doktorlar kendi baÅŸlarÄ±na korunmak iÃ§in maske yapÄ±yor.

#korona #coronâ€¦";"RT @orhanaydin6: DÄ°KKAT!
BugÃ¼n AKP-MHP oylarÄ±yla tedbirlerin alÄ±nmasÄ±nÄ±n reddedildiÄŸi KORONA VÄ°RÃœSÃœ iÃ§in DÃ¼nya SaÄŸlÄ±k Ã–rgÃ¼tÃ¼ ALARM ilan ettâ€¦";"RT @yhyustun: Korona VirÃ¼sÃ¼ kaynaklÄ± durumu ve son geliÅŸmeleri ulusal ve uluslararasÄ± otoritelerle deÄŸerlendirmek iÃ§in; Pekin, Guangzhou, Åâ€¦";"RT @yhyustun: Korona VirÃ¼sÃ¼ kaynaklÄ± durumu ve son geliÅŸmeleri ulusal ve uluslararasÄ± otoritelerle deÄŸerlendirmek iÃ§in; Pekin, Guangzhou, Åâ€¦";"RT @SunaVarol_: DÃ¼nya SaÄŸlÄ±k Ã–rgÃ¼tÃ¼ korona virÃ¼sÃ¼ iÃ§in acil durum ilan etti.

Korona VirÃ¼sÃ¼ iÃ§in alÄ±nan tedbirler araÅŸtÄ±rÄ±lsÄ±n Ã¶nergesi AKPâ€¦";"RT @orhanaydin6: DÄ°KKAT!
BugÃ¼n AKP-MHP oylarÄ±yla tedbirlerin alÄ±nmasÄ±nÄ±n reddedildiÄŸi KORONA VÄ°RÃœSÃœ iÃ§in DÃ¼nya SaÄŸlÄ±k Ã–rgÃ¼tÃ¼ ALARM ilan ettâ€¦";"RT @TK_HelpDesk: â„¹
Korona VirÃ¼sÃ¼ kaynaklÄ± durumu ve son geliÅŸmeleri ulusal ve uluslararasÄ± otoritelerle deÄŸerlendirmek iÃ§in; Pekin, Guangzhâ€¦";"RT @fuatozhan: DÃ¼nya SaÄŸlÄ±k Ã–rgÃ¼tÃ¼  Corona virÃ¼sÃ¼ nedeniyle uluslararasÄ± acil durum ilan ederken .

BirleÅŸik KrallÄ±k  Ã¼lkede Corona virÃ¼sÃ¼nâ€¦";"RT @toroslu97: DÄ°KKAT!
BugÃ¼n AKP-MHP oylarÄ±yla tedbirlerin alÄ±nmasÄ±nÄ±n reddedildiÄŸi KORONA VÄ°RÃœSÃœ iÃ§in DÃ¼nya SaÄŸlÄ±k Ã–rgÃ¼tÃ¼ ALARM ilan etti.â€¦";PAZARTESI GÃœNÃœ OKULLAR AÃ‡ILIYOR KORONA ILE ILGILI HALKI BILGILENDIRMENIZ GEREKMIYOR MU? EÄER TÃœRKÄ°YE DE RISK ALTINDâ€¦ https://t.co/8sZDBBn6rP;"RT @SunaVarol_: DÃ¼nya SaÄŸlÄ±k Ã–rgÃ¼tÃ¼ korona virÃ¼sÃ¼ iÃ§in acil durum ilan etti.

Korona VirÃ¼sÃ¼ iÃ§in alÄ±nan tedbirler araÅŸtÄ±rÄ±lsÄ±n Ã¶nergesi AKPâ€¦";"RT @orhanaydin6: DÄ°KKAT!
BugÃ¼n AKP-MHP oylarÄ±yla tedbirlerin alÄ±nmasÄ±nÄ±n reddedildiÄŸi KORONA VÄ°RÃœSÃœ iÃ§in DÃ¼nya SaÄŸlÄ±k Ã–rgÃ¼tÃ¼ ALARM ilan ettâ€¦";"RT @yhyustun: Korona VirÃ¼sÃ¼ kaynaklÄ± durumu ve son geliÅŸmeleri ulusal ve uluslararasÄ± otoritelerle deÄŸerlendirmek iÃ§in; Pekin, Guangzhou, Åâ€¦";"RT @CoronaV1russue: Wuhandan geri dÃ¶nen insanlar varÄ± komÅŸularÄ± onlarÄ± iÃ§eri hapsetmek iÃ§in kapÄ±larÄ±na tahta ve demirler koyuyorlar

#koronâ€¦";"RT @orhanaydin6: DÄ°KKAT!
BugÃ¼n AKP-MHP oylarÄ±yla tedbirlerin alÄ±nmasÄ±nÄ±n reddedildiÄŸi KORONA VÄ°RÃœSÃœ iÃ§in DÃ¼nya SaÄŸlÄ±k Ã–rgÃ¼tÃ¼ ALARM ilan ettâ€¦";"RT @orhanaydin6: DÄ°KKAT!
BugÃ¼n AKP-MHP oylarÄ±yla tedbirlerin alÄ±nmasÄ±nÄ±n reddedildiÄŸi KORONA VÄ°RÃœSÃœ iÃ§in DÃ¼nya SaÄŸlÄ±k Ã–rgÃ¼tÃ¼ ALARM ilan ettâ€¦";RT @slmhktn: TÃ¼rk Hava YollarÄ± (THY), Ã‡inâ€™in Wuhan kentinde ortaya Ã§Ä±kan ve ÅŸimdiye kadar yÃ¼zlerce kiÅŸinin Ã¶lÃ¼mÃ¼ne neden olan korona virÃ¼sÃ¼â€¦;"RT @SunaVarol_: DÃ¼nya SaÄŸlÄ±k Ã–rgÃ¼tÃ¼ korona virÃ¼sÃ¼ iÃ§in acil durum ilan etti.

Korona VirÃ¼sÃ¼ iÃ§in alÄ±nan tedbirler araÅŸtÄ±rÄ±lsÄ±n Ã¶nergesi AKPâ€¦";Korona virÃ¼sÃ¼nden koronabilme yÃ¶ntemleri. com asdfhjjllohvb;"RT @orhanaydin6: DÄ°KKAT!
BugÃ¼n AKP-MHP oylarÄ±yla tedbirlerin alÄ±nmasÄ±nÄ±n reddedildiÄŸi KORONA VÄ°RÃœSÃœ iÃ§in DÃ¼nya SaÄŸlÄ±k Ã–rgÃ¼tÃ¼ ALARM ilan ettâ€¦";"RT @orhanaydin6: DÄ°KKAT!
BugÃ¼n AKP-MHP oylarÄ±yla tedbirlerin alÄ±nmasÄ±nÄ±n reddedildiÄŸi KORONA VÄ°RÃœSÃœ iÃ§in DÃ¼nya SaÄŸlÄ±k Ã–rgÃ¼tÃ¼ ALARM ilan ettâ€¦";"RT @SunaVarol_: DÃ¼nya SaÄŸlÄ±k Ã–rgÃ¼tÃ¼ korona virÃ¼sÃ¼ iÃ§in acil durum ilan etti.

Korona VirÃ¼sÃ¼ iÃ§in alÄ±nan tedbirler araÅŸtÄ±rÄ±lsÄ±n Ã¶nergesi AKPâ€¦";"RT @orhanaydin6: DÄ°KKAT!
BugÃ¼n AKP-MHP oylarÄ±yla tedbirlerin alÄ±nmasÄ±nÄ±n reddedildiÄŸi KORONA VÄ°RÃœSÃœ iÃ§in DÃ¼nya SaÄŸlÄ±k Ã–rgÃ¼tÃ¼ ALARM ilan ettâ€¦";"RT @GayeUsluer: Ã‡ok Ã¶nemli!

DÃ¼nya SaÄŸlÄ±k Ã–rgÃ¼tÃ¼ Korona VirÃ¼s iÃ§in UluslararasÄ± ACÄ°L DURUM ilan etti!

#dsÃ¶ #koronavirus";"RT @yhyustun: Korona VirÃ¼sÃ¼ kaynaklÄ± durumu ve son geliÅŸmeleri ulusal ve uluslararasÄ± otoritelerle deÄŸerlendirmek iÃ§in; Pekin, Guangzhou, Åâ€¦";"RT @orhanaydin6: DÄ°KKAT!
BugÃ¼n AKP-MHP oylarÄ±yla tedbirlerin alÄ±nmasÄ±nÄ±n reddedildiÄŸi KORONA VÄ°RÃœSÃœ iÃ§in DÃ¼nya SaÄŸlÄ±k Ã–rgÃ¼tÃ¼ ALARM ilan ettâ€¦";"RT @SunaVarol_: DÃ¼nya SaÄŸlÄ±k Ã–rgÃ¼tÃ¼ korona virÃ¼sÃ¼ iÃ§in acil durum ilan etti.

Korona VirÃ¼sÃ¼ iÃ§in alÄ±nan tedbirler araÅŸtÄ±rÄ±lsÄ±n Ã¶nergesi AKPâ€¦";"RT @orhanaydin6: DÄ°KKAT!
BugÃ¼n AKP-MHP oylarÄ±yla tedbirlerin alÄ±nmasÄ±nÄ±n reddedildiÄŸi KORONA VÄ°RÃœSÃœ iÃ§in DÃ¼nya SaÄŸlÄ±k Ã–rgÃ¼tÃ¼ ALARM ilan ettâ€¦";"RT @orhanaydin6: DÄ°KKAT!
BugÃ¼n AKP-MHP oylarÄ±yla tedbirlerin alÄ±nmasÄ±nÄ±n reddedildiÄŸi KORONA VÄ°RÃœSÃœ iÃ§in DÃ¼nya SaÄŸlÄ±k Ã–rgÃ¼tÃ¼ ALARM ilan ettâ€¦";"RT @orhanaydin6: DÄ°KKAT!
BugÃ¼n AKP-MHP oylarÄ±yla tedbirlerin alÄ±nmasÄ±nÄ±n reddedildiÄŸi KORONA VÄ°RÃœSÃœ iÃ§in DÃ¼nya SaÄŸlÄ±k Ã–rgÃ¼tÃ¼ ALARM ilan ettâ€¦";@guvelandi Korona GÃ¼mÃ¼ÅŸhane'de zavallÄ± demek hjkhkjkl;"RT @orhanaydin6: DÄ°KKAT!
BugÃ¼n AKP-MHP oylarÄ±yla tedbirlerin alÄ±nmasÄ±nÄ±n reddedildiÄŸi KORONA VÄ°RÃœSÃœ iÃ§in DÃ¼nya SaÄŸlÄ±k Ã–rgÃ¼tÃ¼ ALARM ilan ettâ€¦";"RT @yhyustun: Korona VirÃ¼sÃ¼ kaynaklÄ± durumu ve son geliÅŸmeleri ulusal ve uluslararasÄ± otoritelerle deÄŸerlendirmek iÃ§in; Pekin, Guangzhou, Åâ€¦";"RT @orhanaydin6: DÄ°KKAT!
BugÃ¼n AKP-MHP oylarÄ±yla tedbirlerin alÄ±nmasÄ±nÄ±n reddedildiÄŸi KORONA VÄ°RÃœSÃœ iÃ§in DÃ¼nya SaÄŸlÄ±k Ã–rgÃ¼tÃ¼ ALARM ilan ettâ€¦";"RT @ORHANOSMANOGLU: KIYMETLÄ° OKURLARIMIZ
OsmanoÄŸlu ailesi olarak, sÃ¼rgÃ¼n edildik. Fakat zinhar yÃ¼ce devletimizi kimseye ÅŸikayet etmedik. Alâ€¦";"RT @orhanaydin6: DÄ°KKAT!
BugÃ¼n AKP-MHP oylarÄ±yla tedbirlerin alÄ±nmasÄ±nÄ±n reddedildiÄŸi KORONA VÄ°RÃœSÃœ iÃ§in DÃ¼nya SaÄŸlÄ±k Ã–rgÃ¼tÃ¼ ALARM ilan ettâ€¦";"RT @orhanaydin6: DÄ°KKAT!
BugÃ¼n AKP-MHP oylarÄ±yla tedbirlerin alÄ±nmasÄ±nÄ±n reddedildiÄŸi KORONA VÄ°RÃœSÃœ iÃ§in DÃ¼nya SaÄŸlÄ±k Ã–rgÃ¼tÃ¼ ALARM ilan ettâ€¦";"RT @orhanaydin6: DÄ°KKAT!
BugÃ¼n AKP-MHP oylarÄ±yla tedbirlerin alÄ±nmasÄ±nÄ±n reddedildiÄŸi KORONA VÄ°RÃœSÃœ iÃ§in DÃ¼nya SaÄŸlÄ±k Ã–rgÃ¼tÃ¼ ALARM ilan ettâ€¦";"RT @orhanaydin6: DÄ°KKAT!
BugÃ¼n AKP-MHP oylarÄ±yla tedbirlerin alÄ±nmasÄ±nÄ±n reddedildiÄŸi KORONA VÄ°RÃœSÃœ iÃ§in DÃ¼nya SaÄŸlÄ±k Ã–rgÃ¼tÃ¼ ALARM ilan ettâ€¦";"RT @orhanaydin6: DÄ°KKAT!
BugÃ¼n AKP-MHP oylarÄ±yla tedbirlerin alÄ±nmasÄ±nÄ±n reddedildiÄŸi KORONA VÄ°RÃœSÃœ iÃ§in DÃ¼nya SaÄŸlÄ±k Ã–rgÃ¼tÃ¼ ALARM ilan ettâ€¦";"RT @gurlerakgun: TÃ¼rk Hava YollarÄ± 
Korona VirÃ¼sÃ¼ sebebiyle Pekin, Guangzhou, Åangay ve Xian ÅŸehirlerine dÃ¼zenlediÄŸi seferleri 9 Åubatâ€™a kaâ€¦";"RT @TK_HelpDesk: â„¹
Korona VirÃ¼sÃ¼ kaynaklÄ± durumu ve son geliÅŸmeleri ulusal ve uluslararasÄ± otoritelerle deÄŸerlendirmek iÃ§in; Pekin, Guangzhâ€¦";"RT @TK_HelpDesk: â„¹
Korona VirÃ¼sÃ¼ kaynaklÄ± durumu ve son geliÅŸmeleri ulusal ve uluslararasÄ± otoritelerle deÄŸerlendirmek iÃ§in; Pekin, Guangzhâ€¦";RT @Lothbrok29: Korona virÃ¼sÃ¼ne karÅŸÄ± alÄ±nmasÄ± gereken tedbirlerin gÃ¶rÃ¼ÅŸÃ¼lmesi iÃ§in sunulan Ã¶nerge, AK Parti ve MHPâ€™nin oylarÄ±yla reddedildâ€¦;"RT @orhanaydin6: DÄ°KKAT!
BugÃ¼n AKP-MHP oylarÄ±yla tedbirlerin alÄ±nmasÄ±nÄ±n reddedildiÄŸi KORONA VÄ°RÃœSÃœ iÃ§in DÃ¼nya SaÄŸlÄ±k Ã–rgÃ¼tÃ¼ ALARM ilan ettâ€¦";bi gÃ¼n bi akrabam wpden KORONA VIRUSUNE KARSI UZUM SIRKESI mesajÄ± atar diye Ã§ok korkuyorum;"RT @deepwebfearr1: #SONDAKÄ°KA

Korona VirusÃ¼ nedeniyle Ã¶lenlerin sayÄ±sÄ± 213'e yÃ¼kseldi.

#Coronavirus 
#Wuhan
#China https://t.co/UEgQ9WtKax";"RT @TK_HelpDesk: â„¹
Korona VirÃ¼sÃ¼ kaynaklÄ± durumu ve son geliÅŸmeleri ulusal ve uluslararasÄ± otoritelerle deÄŸerlendirmek iÃ§in; Pekin, Guangzhâ€¦";"RT @alim_alim65: Ã‡in'de
VatandaÅŸlarÄ±nÄ± Ã‡in'den Ã§ekiyor

Â Korona virÃ¼sÃ¼nÃ¼n yayÄ±lmasÄ± nedeniyle

bence 
Â VatandaÅŸlarÄ±na

SoÄŸan ve sarÄ±msak yiâ€¦";@YergenSalcin @bonitaalev @Biz10TV Yeni tip diye bahsettikleri ÅŸu anki zaten. Daha Ã¶nce 2 farklÄ± korona virÃ¼sÃ¼ vardÄ±;"RT @SunaVarol_: DÃ¼nya SaÄŸlÄ±k Ã–rgÃ¼tÃ¼ korona virÃ¼sÃ¼ iÃ§in acil durum ilan etti.

Korona VirÃ¼sÃ¼ iÃ§in alÄ±nan tedbirler araÅŸtÄ±rÄ±lsÄ±n Ã¶nergesi AKPâ€¦"
