@drfahrettinkoca sayÄ±n bakanÄ±m covid_19 testimiz pozitif fakat gÃ¼nlÃ¼k (sadece batman) 300 vaka oldugu icin bir ilaÃ§â€¦ https://t.co/9NLRbjwYcW;@impatien_sultan @NArikbag @ilhangunes581 Bu covid 19 u kesin kadÄ±nlar Ã¼retti, artÄ±k emin oldum.;@bureauofeconomy Hocam iyi de bu korona bitecek mi? HiÃ§ bitecekmiÅŸ gibi durmuyor...;Bunun Trump'la ne ilgisi var azizim https://t.co/hOwcwJSVmI;RT @AhmetBedir1721: Korona bitmiÅŸ haberimiz olmamÄ±ÅŸ! https://t.co/qESrSLaVmC via @tr724;RT @canyilmaz1: UÃ§aklar, otobÃ¼sler, yollar, kafeler, plajlar, piknik alanlarÄ±, meydanlar, lokantalar tÄ±klÄ±m tÄ±klÄ±m. AnladÄ±ÄŸÄ±m kadarÄ±yla Covâ€¦;RT @euronews_tr: Covid-19 pandemisi sÃ¼recinde iÅŸsizlik oranÄ± tÃ¼m Avrupa'da artarken TÃ¼rkiye'de dÃ¼ÅŸÃ¼yor;YapmayalÄ±m. GerÃ§ekten yapmayalÄ±m. Korona diyelim. Sosyal diyelim mesafe diyelim ya mesela maske diyelim maske. Ne kâ€¦ https://t.co/7y4OxSPvLd;Avustralyaâ€™da Covid-19 salgÄ±nÄ±nda rekor sayÄ±da vaka ve Ã¶lÃ¼m kayda geÃ§ti https://t.co/OUPVI7qNrc;Xanima YekÃª ya BrezÃ®lya Michelle Bolsonaro bi VÃ®rusa Korona Ket https://t.co/T10X858Uj6;RT @KadinveCocuk_: Hatice B. Ä°simli kadÄ±n ÅanlÄ±urfaâ€™da tutuklandÄ±, 3 ve 8 yaÅŸlarÄ±nda 2 Ã§ocuÄŸu var, Ã‡ocuklara baÅŸkasÄ± bakÄ±yor ÅŸu an Korona tâ€¦;@rcpdrmz13 @Ahmet_Davutoglu @tahaun @sasasmaz @Karabiyik_A Kimsenin aklÄ±na gelmeyen, aniden dÃ¼nyayÄ± saran Covid 19â€¦ https://t.co/3FRaiPxKth;RT @GazeteKarinca: DÃ¼nya genelinde Corona virÃ¼sÃ¼ vaka sayÄ±sÄ± 17 milyonu aÅŸarken, can kayÄ±plarÄ± da 670 bine Ã§Ä±ktÄ±. YaklaÅŸÄ±k 6 milyon aktif vâ€¦;"RT @ZRapunsel1: Konya SeydiÅŸehir T Tipi Cezaevi  A5 koÄŸuÅŸunda 10 gÃ¼n Ã¶nce 8 olan korona virÃ¼s vakasÄ± iki katÄ±na Ã§Ä±karak 16â€™ya yÃ¼kseldi

27â€¦";RT @baykaler: Bizim dini bayramÄ±mÄ±z var... Kurban BayramÄ±... Covid-19 nedeniyle kÄ±sÄ±tlÄ± ve sÄ±nÄ±rlÄ± kutlama... â˜¹ï¸ https://t.co/DfjsrMR2Ad;BAKAN SOYLUâ€™DAN SÃœRÃœCÃœLERE KORONA VÄ°RÃœS UYARISI https://t.co/px0nvdBSt8;@selenkrmnn Bahane hazÄ±r â€œCovid-19â€ğŸ¤£;"RT @KoronaReport: SON DAKÄ°KA

ODTÃœ, Gazi ve Ankara Ã¼niversitesi ortak ekibi tarafÄ±ndan geliÅŸtirilen yerli Covid-19 aÅŸÄ±sÄ± insan denemelerineâ€¦";RT @euronews_tr: Covid-19 pandemisi sÃ¼recinde iÅŸsizlik oranÄ± tÃ¼m Avrupa'da artarken TÃ¼rkiye'de dÃ¼ÅŸÃ¼yor;Boletim Covid-19 ATDEFN https://t.co/LDMsDG7NIn;Kankimle tatil yapalÄ±m dedik baÅŸÄ±mÄ±za gelmeyen felaket kalmadÄ± ÅŸimdi de korona mi oldum acaba diyo...bacaÄŸÄ±na sokam sevvalim;kimsenin elini Ã¶pmek istemiyorum korona kapsam bu kadar dertlenmem;"RT @UretimYerli: Yerli covÄ±d-19 aÅŸÄ±sÄ±nda insan Ã¼zerinde deneme aÅŸamasÄ±na gelindi milletimize hayÄ±rlÄ± olsun 

( OdtÃ¼ / Ankara Ã¼niversitesi )â€¦";RT @cezaeviihlaller: Konya SeydiÅŸehir T Tipi Cezaevi  A5 koÄŸuÅŸunda 10 gÃ¼n Ã¶nce 8 olan korona virÃ¼s vakasÄ± iki katÄ±na Ã§Ä±karak 16â€™ya yÃ¼kseldiâ€¦;@Alper39172975 @eneshemingway @avn816 @msstfb @dr_vsguzelbey @dr_aerztin @ayhan_pesen Almanya da Ã§alÄ±ÅŸan bir mÃ¼hendâ€¦ https://t.co/ezsqnH0hDW;Covid-19â€™a karÅŸÄ± akciÄŸerleriniz ne kadar gÃ¼Ã§lÃ¼? - https://t.co/545kAdRvv3 https://t.co/rgmGZ4M6A2;RT @legitnghausa: Shugaban kasa Muhammadu Buhari ya yi kira ga daukacin Musulmin Najeriya da su yi hakuri da dokar korona da aka saka. Ya bâ€¦;@dominiklili @cikinlankarsima taktikle olacak is degil hayatim sahalara inmek lazim kiz korona biter bitmez evinin yolunu unuttu;"RT @cagdasbayraktar: Korona testi pozitif Ã§Ä±kan hastalarÄ± ""akciÄŸer rahatsÄ±zlÄ±ÄŸÄ±"" diye kayda geÃ§irdiÄŸinizde, o semerkand yeÅŸili tabloda sayÄ±â€¦";"Korona ile birlikte gÃ¶rÃ¼ldÃ¼ÄŸÃ¼ Ã¼zere kendilerine devasa gÃ¼Ã§ atfedilen batÄ±lÄ± Ã¼lkeler o kadar kuvvetli deÄŸilmiÅŸ.
Niteâ€¦ https://t.co/UBbecxm9Af";RT @canyilmaz1: UÃ§aklar, otobÃ¼sler, yollar, kafeler, plajlar, piknik alanlarÄ±, meydanlar, lokantalar tÄ±klÄ±m tÄ±klÄ±m. AnladÄ±ÄŸÄ±m kadarÄ±yla Covâ€¦;yatiyorum simdi sabah erken kalkip korona tedbirlerini elden bÄ±rakmadan para ve kaliteli cikolata cukkalamam lazÄ±m iyi gecelerr;@Omeerk24 Korona var Ã¶mÃ¼ÅŸ;RT @cezaeviihlaller: Konya SeydiÅŸehir T Tipi Cezaevi  A5 koÄŸuÅŸunda 10 gÃ¼n Ã¶nce 8 olan korona virÃ¼s vakasÄ± iki katÄ±na Ã§Ä±karak 16â€™ya yÃ¼kseldiâ€¦;RT @1wltter05037838: @Dragoman2018 @drfahrettinkoca BÃ¼tÃ¼n semptomlarÄ±n olmasÄ± ÅŸart deÄŸil tabi ki. Duruma gÃ¶re 1 veya 2 semptom yeterli. Bazâ€¦;"RT @cagdasbayraktar: Korona testi pozitif Ã§Ä±kan hastalarÄ± ""akciÄŸer rahatsÄ±zlÄ±ÄŸÄ±"" diye kayda geÃ§irdiÄŸinizde, o semerkand yeÅŸili tabloda sayÄ±â€¦";AllaahÄ±mm bir uyandÄ±m ki lokum yarasayÄ± dÃ¶verek bayÄ±ltmÄ±ÅŸ , annem diyor ki â€œiyi ki yemedi korona olacaktÄ± salakâ€ sosmslaksksk;Her bayram olduÄŸu gibi BaÅŸbakan Trudeu, kendisi ve ailesi adÄ±na Kanada'da ve tÃ¼m DÃ¼nya'daki mÃ¼slÃ¼manlarÄ±n bayramÄ±nÄ±â€¦ https://t.co/KLnMBHWoea;"RT @BirGunAvrupa: Almanya'nÄ±n Heide kentinde Covid-19 tedbirleri yeniden sÄ±kÄ±laÅŸtÄ±rÄ±lacak
https://t.co/hXALrFVLhP https://t.co/lDlZjHXf0O";"RT @BirGun_Gazetesi: #SonDakika 
TÃ¼rkiye'de son 24 saatte 967 kiÅŸiye Covid-19 tanÄ±sÄ± konuldu, 15 kiÅŸi hayatÄ±nÄ± kaybetti, toplam vaka sayÄ±sÄ±â€¦";"RT @UretimYerli: Yerli covÄ±d-19 aÅŸÄ±sÄ±nda insan Ã¼zerinde deneme aÅŸamasÄ±na gelindi milletimize hayÄ±rlÄ± olsun 

( OdtÃ¼ / Ankara Ã¼niversitesi )â€¦";Aileden ayrÄ± geÃ§irilen 2. bir bayram daha. SanÄ±rÄ±m ben psikolojik olarak Ã§Ã¶ktÃ¼m. #Covid_19;RT @cezaeviihlaller: Konya SeydiÅŸehir T Tipi Cezaevi  A5 koÄŸuÅŸunda 10 gÃ¼n Ã¶nce 8 olan korona virÃ¼s vakasÄ± iki katÄ±na Ã§Ä±karak 16â€™ya yÃ¼kseldiâ€¦;"RT @DrGurkanKubilay: Ben yarÄ±n babamÄ±n elini 
tel gÃ¶rÃ¼ntÃ¼sÃ¼ ile Ã¶peceÄŸim.
Korona nedeni ile yorulan SaÄŸlÄ±kÃ§Ä±larÄ±mÄ±zÄ± daha fazla yormamak,â€¦";Covid-19â€™a karÅŸÄ± akciÄŸerleriniz ne kadar gÃ¼Ã§lÃ¼? https://t.co/OxGv31estY;@mertevg Korona, artan lig takvimi, yeni kurulacak takimin bilmem kac tane on eleme oynayacak olmasi.. kalsin hocamâ€¦ https://t.co/YtVS1KZ0Id;pandeminin baÅŸÄ±nda bi app vardÄ± korona vakasÄ± yoÄŸun olan bÃ¶lgeleri haritada farklÄ± renklerde gÃ¶steriyordu ve bizimâ€¦ https://t.co/EAImGBmuH8;@wtfderin @baemihri @EmniyetGM Adalet ÅŸuan korona tatilinde bizi Ã¶lÃ¼me terk etti .;RT @mustafataha: Avrupa'da Ã§oÄŸu Ã¼lkede Covid-19 vaka sayÄ±sÄ± yÃ¼kselirken Ä°talya'da vaka sayÄ±larÄ±nda yÃ¼kselme sÃ¶z konusu deÄŸil. HalkÄ±n %90'Ä±nâ€¦;@bbcturkce Korona adam seÃ§se bu tÃ¼r vahÅŸilikleri gÃ¶rmeyiz ama seÃ§miyor iÅŸte...;RT @fyzisbsrn: Brezilya Covid 19â€™da kÄ±rÄ±lÄ±yor. AhlaksÄ±z devlet baÅŸkanÄ± Bolsonaro Trump gibi yalan sÃ¶ylÃ¼yor. Bir aydÄ±r â€œBakÄ±n, ben, karÄ±m veâ€¦;"Sosyal medya yasasÄ± sonunda yÃ¼rÃ¼rlÃ¼ÄŸe girdi!
https://t.co/sxBP1aKY4y

#Urfa #urfahaber #sanliurfa #SONDAKIKA #haberâ€¦ https://t.co/x8htsm4LrO";"Covid-19 nedeniyle bu bayramda maske kullanÄ±mÄ±na ve sosyal mesafeye dikkat edelim. 
TÃ¼m MÃ¼slÃ¼man aleminin Kurban Baâ€¦ https://t.co/aaUafFeE3t";Yeni KoronavirÃ¼s (Covid-19) Nedeniyle, ZorlayÄ±cÄ± Sebepler GerekÃ§esiyle, KÄ±sa Ã‡alÄ±ÅŸma Uygulanan Ä°ÅŸyerleri Ä°Ã§in KÄ±saâ€¦ https://t.co/DprtfJigvS;@Nurr__tt Ã‡ok saÄŸol canÄ±m ğŸ¥° korona olmasaydÄ± koÅŸa koÅŸa gelirdim ğŸ˜;Korona varsa haram zÄ±kkÄ±m olsun;RT @canyilmaz1: UÃ§aklar, otobÃ¼sler, yollar, kafeler, plajlar, piknik alanlarÄ±, meydanlar, lokantalar tÄ±klÄ±m tÄ±klÄ±m. AnladÄ±ÄŸÄ±m kadarÄ±yla Covâ€¦;Hadi bakalÄ±m bayram mÄ± bÃ¼yÃ¼k yoksa korona mÄ± gÃ¶rÃ¼cez;"RT @ZRapunsel1: Konya SeydiÅŸehir T Tipi Cezaevi  A5 koÄŸuÅŸunda 10 gÃ¼n Ã¶nce 8 olan korona virÃ¼s vakasÄ± iki katÄ±na Ã§Ä±karak 16â€™ya yÃ¼kseldi

27â€¦";Rusyaâ€™nÄ±n ikinci Covid-19 aÅŸÄ±sÄ±nÄ±n klinik denemelerine baÅŸlandÄ± https://t.co/Edv0emeC3X;"RT @Deli_dalga_: Ya Rabbi! 
Devletimizi,
milletimizi,
Ä°slam beldelerini ve bÃ¼tÃ¼n insanlÄ±ÄŸÄ± her tÃ¼rlÃ¼ afetlerden, musibetlerden,
kÃ¶tÃ¼lÃ¼klerdâ€¦";RT @DeryaTR_: Ben bile anlamakta zorlanÄ±yorum bu yeni korona virÃ¼s tablosunu. Tamam halkÄ±n matematik bilgisi, bu jimnastik ile, geliÅŸtirilmâ€¦;Hey gidi gÃ¼nler hey ÅŸu korona gecsede tekrar sahnelere donsek ne Ã§ok Ã¶zledim o alkÄ±ÅŸlarÄ± Ã§ocuklarÄ±n yuzundeki gulucâ€¦ https://t.co/zq74V5S12f;RT @Tivityali1: @Son_moohican Devletimiz korona Ã¶nlemleri kapsamÄ±nda, vatandaÅŸÄ±n eski paralardan mikrop kapmasÄ±nÄ± Ã¶nlemek iÃ§in sÃ¼rekli paraâ€¦;@esenol @bernalacin35 Abd Ã‡in grip aÅŸÄ±sÄ±nÄ±n korona karÅŸÄ±sÄ±nda etkisi olmadÄ±ÄŸÄ±nÄ± aÃ§Ä±kladÄ± bilemedim;Boletim Covid-19 ATDEFN https://t.co/VTo1HsTaPb;Boletim Covid-19 ATDEFN https://t.co/rUlErRlNIf;RT @canyilmaz1: UÃ§aklar, otobÃ¼sler, yollar, kafeler, plajlar, piknik alanlarÄ±, meydanlar, lokantalar tÄ±klÄ±m tÄ±klÄ±m. AnladÄ±ÄŸÄ±m kadarÄ±yla Covâ€¦;RT @Tivityali1: @Son_moohican Devletimiz korona Ã¶nlemleri kapsamÄ±nda, vatandaÅŸÄ±n eski paralardan mikrop kapmasÄ±nÄ± Ã¶nlemek iÃ§in sÃ¼rekli paraâ€¦;Rusyaâ€™nÄ±n ikinci Covid-19 aÅŸÄ±sÄ±nÄ±n klinik denemelerine baÅŸlandÄ± https://t.co/FPBCYtfcmx;Nazilliâ€™de covid-19 bitti mi? Sosyal medya sÄ±fÄ±r. Ã‡oÄŸu kiÅŸide maske bile yok, Ã¼stelik polisler gÃ¶rmesine raÄŸmen hiÃ§â€¦ https://t.co/kS6k9PYA1e;"RT @UretimYerli: Yerli covÄ±d-19 aÅŸÄ±sÄ±nda insan Ã¼zerinde deneme aÅŸamasÄ±na gelindi milletimize hayÄ±rlÄ± olsun 

( OdtÃ¼ / Ankara Ã¼niversitesi )â€¦";"RT @sukaheka: KÄ±zÄ±m salÄ± gÃ¼nÃ¼ birinizle gÃ¶rÃ¼ÅŸe gireyim AÄŸustos sonu diÄŸerinizle olur mu? dedim.
Sen git anne korona var biz gitmeyelim dediâ€¦";"Trumpâ€™Ä±n seÃ§imlerin ertelenmesini istemesi:
Mevcut koÅŸullarda seÃ§imi kaybedeceÄŸinin neredeyse kesinleÅŸtiÄŸi;Korona aâ€¦ https://t.co/llPhuXV7uo";Bence korona sÃ¼reci aslÄ±nda bir cehalet oyunu. Ve biz bu oyunda sÃ¼rekli level atlÄ±yoruz. Cehalette Ä±srarÄ± hiÃ§  bu kâ€¦ https://t.co/lbYmo1YFv6;RT @KoronaReport: Ayasofya'da cuma namazÄ± sonrasÄ± Covid-19 testi pozitif Ã§Ä±kan AK Parti Milletvekili HÃ¼seyin Åanverdi: â€œKoronavirÃ¼s'Ã¼n Ayasâ€¦;"RT @cagdasbayraktar: Korona testi pozitif Ã§Ä±kan hastalarÄ± ""akciÄŸer rahatsÄ±zlÄ±ÄŸÄ±"" diye kayda geÃ§irdiÄŸinizde, o semerkand yeÅŸili tabloda sayÄ±â€¦";Korona, kodun oramÄ±za buramÄ±za...;RT @H_Yerlikaya35: Korona olsan kime bulaÅŸÄ±rdÄ±n? :);RT @legitnghausa: Shugaban kasa Muhammadu Buhari ya yi kira ga daukacin Musulmin Najeriya da su yi hakuri da dokar korona da aka saka. Ya bâ€¦;RT @canyilmaz1: UÃ§aklar, otobÃ¼sler, yollar, kafeler, plajlar, piknik alanlarÄ±, meydanlar, lokantalar tÄ±klÄ±m tÄ±klÄ±m. AnladÄ±ÄŸÄ±m kadarÄ±yla Covâ€¦;@alpergoksuu canim korona var yarÄ±nlÄ±k sorumlu deÄŸilsin;"RT @Fenerbahce: Ä°yilik AÅŸkÄ±na Kan BaÄŸÄ±ÅŸÄ±na

Covid-19 salgÄ±nÄ± nedeniyle kan baÄŸÄ±ÅŸlarÄ±nda dÃ¼ÅŸÃ¼ÅŸ yaÅŸanmaktadÄ±r. 

Kan stoklarÄ±nÄ±n sÃ¼rekliliÄŸinâ€¦";"RT @UretimYerli: Yerli covÄ±d-19 aÅŸÄ±sÄ±nda insan Ã¼zerinde deneme aÅŸamasÄ±na gelindi milletimize hayÄ±rlÄ± olsun 

( OdtÃ¼ / Ankara Ã¼niversitesi )â€¦";RT @DeryaTR_: Ben bile anlamakta zorlanÄ±yorum bu yeni korona virÃ¼s tablosunu. Tamam halkÄ±n matematik bilgisi, bu jimnastik ile, geliÅŸtirilmâ€¦;"RT @UretimYerli: Yerli covÄ±d-19 aÅŸÄ±sÄ±nda insan Ã¼zerinde deneme aÅŸamasÄ±na gelindi milletimize hayÄ±rlÄ± olsun 

( OdtÃ¼ / Ankara Ã¼niversitesi )â€¦";@Dragoman2018 @drfahrettinkoca BÃ¼tÃ¼n semptomlarÄ±n olmasÄ± ÅŸart deÄŸil tabi ki. Duruma gÃ¶re 1 veya 2 semptom yeterli.â€¦ https://t.co/nkT62NtE3Q;"RT @mmd_dogan: Almanyada Korona virÃ¼sÃ¼ yeniden arttÄ±. 
BugÃ¼n 1127 vaka sayÄ±sÄ±. 

#Korona 
#avrupa";"RT @cagdasbayraktar: Korona testi pozitif Ã§Ä±kan hastalarÄ± ""akciÄŸer rahatsÄ±zlÄ±ÄŸÄ±"" diye kayda geÃ§irdiÄŸinizde, o semerkand yeÅŸili tabloda sayÄ±â€¦";"RT @ZRapunsel1: Konya SeydiÅŸehir T Tipi Cezaevi  A5 koÄŸuÅŸunda 10 gÃ¼n Ã¶nce 8 olan korona virÃ¼s vakasÄ± iki katÄ±na Ã§Ä±karak 16â€™ya yÃ¼kseldi

27â€¦";"RT @UretimYerli: Yerli covÄ±d-19 aÅŸÄ±sÄ±nda insan Ã¼zerinde deneme aÅŸamasÄ±na gelindi milletimize hayÄ±rlÄ± olsun 

( OdtÃ¼ / Ankara Ã¼niversitesi )â€¦";KurbanÄ± BulunduÄŸunuz muhite en yakÄ±n yerde.Kendiniz veya vekalet verdiÄŸiniz kasapla.TanÄ±dÄ±klarÄ±nÄ±zla ve niyetlerindâ€¦ https://t.co/b6KfzHEUq5;@aleynaaesme Kesin korona Ã§Ã¼nkÃ¼ baharda deÄŸiliz;Televizyonlarda ÅŸov yapmayÄ± bÄ±rakÄ±n artÄ±k ! Bir evde korona testi pozitif olan vatandaÅŸÄ±n sÄ±rf aile bireylerinde beâ€¦ https://t.co/rIMvU1ZZRW;"Korona halt etmiÅŸ. ğŸ˜¢

#KadÄ±nCinayetleriPolitiktir 
#istanbulsozlesmesiyasatir https://t.co/VZkMASp8v1";"Abi ÅŸu korona falan neyse de ÅŸu Ã¶zlemenin bir aÅŸÄ±sÄ± yok mu?
@benreha @picemiyeti #picemiyeti";RT @yumurtalikayisi: BabamÄ±n covid-19 test sonucu pozitif Ã§Ä±kmÄ±ÅŸtÄ±r.DualarÄ±nÄ±za ihtiyacÄ±mÄ±z var...;"RT @cagdasbayraktar: Korona testi pozitif Ã§Ä±kan hastalarÄ± ""akciÄŸer rahatsÄ±zlÄ±ÄŸÄ±"" diye kayda geÃ§irdiÄŸinizde, o semerkand yeÅŸili tabloda sayÄ±â€¦";"RT @UretimYerli: Yerli covÄ±d-19 aÅŸÄ±sÄ±nda insan Ã¼zerinde deneme aÅŸamasÄ±na gelindi milletimize hayÄ±rlÄ± olsun 

( OdtÃ¼ / Ankara Ã¼niversitesi )â€¦";"ğŸŒ¸ğŸŒ¸ğŸŒ¸Covid-19â€™un akrabalardan da bulaÅŸabileceÄŸini unutmayalÄ±m.ğŸŒ¸ğŸŒ¸ğŸŒ¸

Ä°yi bayramlar herkese"
