RT @kucukucuhaw: Covid-19 sebebiyle Ã¶len sahibini 3 ay hastanede beklemiÅŸ gerÃ§ekten hak etmiyoruz https://t.co/ha75LiGstX;RT @TRTKurdiTV: BelgefÃ®lma KovÃ®d-19Ãª ya ku li dinyayÃª yekeme Ã» bi temamÃ® li beÅŸa nexweÅŸiyÃªn giran hatiye qeydkirin, ''NexweÅŸxane Ä°stanbul:â€¦;"@miractaskinnn covid-19 kapÄ±ya geldi
canÄ±mÄ±za tak etti
iban attÄ±m geldi mi?";"RT @UmutluMeral1: Cezaevlerinde TerkedilenÄ°nsanlÄ±k demek

HÃ¼cresinde,
YÄ±llardÄ±r kendi baÅŸÄ±na, Ã¶ksÃ¼z  bÃ¼yÃ¼meye Ã§alÄ±ÅŸan yavrusunu Korona Ã¶nleâ€¦";BoÅŸluÄŸun esiri olduk korona gÃ¼nlerinde...;korona bittiÄŸinde ekrem imamoÄŸlu muhakkak havai fiÅŸek gÃ¶sterisi dÃ¼zenler.;Ulan korona nelere kadirsin @haticeea_ yi bile deÄŸiÅŸtirdin beni kÄ±skanÄ±yor felan korkmaya baÅŸladÄ±m sosmdpdÃ¶dÅŸ;"Can kaybÄ±nÄ±n 4 bin 489'a yÃ¼kseldiÄŸi TÃ¼rkiye'de Covid-19 salgÄ±nÄ±nÄ±n seyri

https://t.co/Sjq7gOuU9y https://t.co/9dUpJ0I0OG";"Ã‡HDâ€™den izole Ã¼retim tesislerine tepki: â€œÃ‡alÄ±ÅŸma kampÄ±dÄ±râ€

@IsciKomisyonu, izole Ã¼retim tesislerine ve iÅŸÃ§inin eleâ€¦ https://t.co/0vza9affx2";"RT @abdullahciftcib: SokaÄŸÄ±n dili:

BÃ¶rekÃ§i Mehmet ile sohbet ederken Ã§Ä±raÄŸÄ± Åeref geldi. 
Abi bu Korona iÅŸleri  sizin bildiÄŸiniz gibi deÄŸiâ€¦";RT @ErtanOzyigit: ABD'de yapÄ±lan kamuoyu yoklamasÄ±nda, Covid-19'u kim Ã§Ä±karttÄ± sorusuna %44 Bill Gates cevabÄ± verildi https://t.co/nyKbGK8qâ€¦;"RT @gulinakkus: Anayasa der ki;
HÃ¼kÃ¼mlÃ¼lerin temel yaÅŸam hak ve Ã¶zgÃ¼rlÃ¼kleri devletin gÃ¼vencesi altÄ±nda ve sorumluluÄŸundadÄ±r
VirÃ¼s iÃ§erde,â€¦";RT @ErtanOzyigit: ABD'de yapÄ±lan kamuoyu yoklamasÄ±nda, Covid-19'u kim Ã§Ä±karttÄ± sorusuna %44 Bill Gates cevabÄ± verildi https://t.co/nyKbGK8qâ€¦;RT @sesgenelmerkezi: Covid-19 salgÄ±nÄ± sÃ¼recinde sorunlarÄ±mÄ±z katlanarak devam ediyor, mÃ¼cadelemiz yaygÄ±nlaÅŸarak bÃ¼yÃ¼yor! https://t.co/kAtFsâ€¦;"RT @halid_mehmed: Osman Ã–ner Din KÃ¼ltÃ¼rÃ¼ Ã¶ÄŸretmeniydi. 

3 yÄ±l Ã¶nce sendika Ã¼yeliÄŸinden dolayi Kilis cezaevine hapsedildi.

8 kiÅŸilik koÄŸuÅŸâ€¦";"RT @firatgunayer: ğŸš¨ğŸš¨ğŸš¨

TFF, maÃ§larda gÃ¶rev yapacak medya mensuplarÄ±na, karÅŸÄ±laÅŸmadan 2 gÃ¼n Ã¶nce Covid 19 ve Antikor testi yaptÄ±rma zorunlulâ€¦";Korona ilk Ã§Ä±ktÄ±ÄŸÄ± zaman kÃ¼Ã§Ã¼k yatÄ±rÄ±mcÄ±nÄ±n haliğŸ˜€#petkm #halkb #thyao  #arclk #ttkom #rysas #rygyo https://t.co/QBJSr67Ec1;RT @Zeynep01421218: Ben oÄŸlumu iki yÄ±ldÄ±r gÃ¶remiyorum Ã§ok ozledim oÄŸlumu adalet istiyoruz  iki kucuk evladi babasiz buyuyor korona yok diyoâ€¦;@eskireklamIar @eskisarkiIar @yusufkaan46 korona bitince yapalÄ±m bunu;"RT @UmutluMeral1: Cezaevlerinde TerkedilenÄ°nsanlÄ±k demek

HÃ¼cresinde,
YÄ±llardÄ±r kendi baÅŸÄ±na, Ã¶ksÃ¼z  bÃ¼yÃ¼meye Ã§alÄ±ÅŸan yavrusunu Korona Ã¶nleâ€¦";@MuratGevrek14 Evet nerede korona varsa oraya koÅŸsun dimi iÅŸÃ§iler sosyal mesafeye uymamis korunmamis ki bunlarÄ±n yaâ€¦ https://t.co/paTT6mVSxb;"RT @_cevdetyilmaz: ABDâ€™de yaÅŸananlar Koronaâ€™dan daha tehlikeli virÃ¼sler olduÄŸunu gÃ¶steriyor. 

IrkÃ§Ä±lÄ±k virÃ¼sÃ¼nÃ¼ ne maske, ne mesafe, ne deâ€¦";RT @kucukucuhaw: Covid-19 sebebiyle Ã¶len sahibini 3 ay hastanede beklemiÅŸ gerÃ§ekten hak etmiyoruz https://t.co/ha75LiGstX;@kendifikrimbu @iskorpit_61 Kesinlikle korona var ğŸ˜‚;RT @ErtanOzyigit: ABD'de yapÄ±lan kamuoyu yoklamasÄ±nda, Covid-19'u kim Ã§Ä±karttÄ± sorusuna %44 Bill Gates cevabÄ± verildi https://t.co/nyKbGK8qâ€¦;RT @cuneytozdemir: George Floyd cinayeti ABD'de daha da bÃ¼yÃ¼yecek! Ana akÄ±m medya Ã¶nce gÃ¶rmemeyi tercih etti, geÃ§iÅŸtirdi, haberi kÃ¼Ã§Ã¼k verdâ€¦;RT @Denizlispor: FutbolcularÄ±mÄ±z, teknik heyetimiz ve kulÃ¼p Ã§alÄ±ÅŸanlarÄ±mÄ±za dÃ¼n uyguladÄ±ÄŸÄ±mÄ±z Covid-19 testlerinin sonuÃ§larÄ±nda herhangi biâ€¦;Korona herhalde zirvesini yaÅŸar ABD'de https://t.co/Qff7d72kYD;RT @UretimYerli: CovÄ±d-19 VirÃ¼sÃ¼ne KarÅŸÄ± CE Belgeli ( AEREM-19 UV-C ) AdlÄ± Yerli Hava Sterilizasyon CihazÄ± GeliÅŸtirildi BakÄ±rkÃ¶y Dr. Sadi Kâ€¦;"@IsraelinTurkey @EL_AL_AIRLINES El-Al seferlerinin baÅŸlamasÄ±ndan sonra ikinci ""mÃ¼jdeli"" #Ä°srail haberi Daily Sabah'â€¦ https://t.co/4MvRqXfsTx";RT @meralg_: Gece kulupleri aÃ§Ä±lsa doluÅŸursunuz o zaman korona falan dinlemezsiniz bizim Ã¼lkemiz Ä°slam Ã¼lkesi beÄŸenmeyen defolur gider Ã–lÃ¼nâ€¦;"RT @Feyzajk1903: TFF FikstÃ¼rÃ¼ zaten lig baÅŸÄ±nda Galatasaray iÃ§in ayarlanmÄ±ÅŸtÄ±.
Yetmedi Korona dan sonra bir ayar daha Ã§ekti.
GS tÃ¼m maÃ§larÄ±â€¦";"RT @eso35848952: 5000 hakim savcÄ± terÃ¶r suÃ§lamasÄ± ile cezaevinde
Kolluk kuvvetleri cezaevinde
Ancak iÈ™lem yaptÄ±klarÄ± dosyalar
Incelemedi yeâ€¦";"RT @zafersahin06: Bir saÄŸlÄ±k emekÃ§isinin Ã¶lÃ¼mÃ¼nÃ¼ bile siyasete malzeme yapÄ±yorlar... 

Covid -19â€™dan hayatÄ±nÄ± kaybeden Dr. Salih Cenap Ã‡evlâ€¦";"RT @ctisik: Az Ã¶nce Almanya'daki baÅŸarÄ±lÄ± TÃ¼rk hekimlerinden Sinan Ababay'la konuÅŸtum, ""Hessen'de kiliseleri aÃ§tÄ±lar. Frankfurt'ta birkaÃ§ gâ€¦";RT @cuneytozdemir: George Floyd cinayeti ABD'de daha da bÃ¼yÃ¼yecek! Ana akÄ±m medya Ã¶nce gÃ¶rmemeyi tercih etti, geÃ§iÅŸtirdi, haberi kÃ¼Ã§Ã¼k verdâ€¦;RT @cuneytozdemir: George Floyd cinayeti ABD'de daha da bÃ¼yÃ¼yecek! Ana akÄ±m medya Ã¶nce gÃ¶rmemeyi tercih etti, geÃ§iÅŸtirdi, haberi kÃ¼Ã§Ã¼k verdâ€¦;RT @tanrisiva: korona Ã¶ncesi zamana gÃ¶re ÅŸu an Ã¶ÄŸleden sonra 15:00 falan, o yÃ¼zden uyumuyoruz aslÄ±nda.;@Almanyadaalman1 @GrknAkbal @hulaguxan @euronews_tr UÄŸraÅŸÄ±r mÄ± senin gibilerle AB ne demek?25 yÄ±ldÄ±r gÃ¼mrÃ¼k birliÄŸiâ€¦ https://t.co/3yqEHi81W4;@zeynnepakcaa Covid 19 bunu beÄŸendii;RT @UretimYerli: CovÄ±d-19 VirÃ¼sÃ¼ne KarÅŸÄ± CE Belgeli ( AEREM-19 UV-C ) AdlÄ± Yerli Hava Sterilizasyon CihazÄ± GeliÅŸtirildi BakÄ±rkÃ¶y Dr. Sadi Kâ€¦;"RT @sendelerde: Korona'yÄ± yenmiÅŸ biri olarak sÃ¶ylÃ¼yorum;
GEVÅEMEYÄ°N
Kolay yenilmiyor Ã§Ã¼nkÃ¼..!";"RT @ctisik: Az Ã¶nce Almanya'daki baÅŸarÄ±lÄ± TÃ¼rk hekimlerinden Sinan Ababay'la konuÅŸtum, ""Hessen'de kiliseleri aÃ§tÄ±lar. Frankfurt'ta birkaÃ§ gâ€¦";"RT @nedimsener2010: Korona gÃ¼nlerinin en gÃ¼lÃ¼nÃ§ siyasi komplo senaryosu; Ã¼nlÃ¼ Ã¼nsÃ¼z siyasetÃ§i ve gazeteciler, sabahÄ±n kÃ¶rÃ¼nde otobÃ¼se binenâ€¦";RT @OguzhanUgur: Bi uyanÄ±yoruz, her ÅŸey bitmiÅŸ. Tom Hanks Corona isimli sinema filminin Ã§ekimlerinde, Fatih Terim maÃ§ sonu â€œbiz KoronayÄ± biâ€¦;"RT @baykaler: BugÃ¼n bizim dini bayramÄ±mÄ±z var... 
Covid-19 nedeniyle kutlayamadÄ±k... ğŸ˜¢
(by Erol DoÄŸaner) https://t.co/gUKAL1cfCv";RT @ErtanOzyigit: ABD'de yapÄ±lan kamuoyu yoklamasÄ±nda, Covid-19'u kim Ã§Ä±karttÄ± sorusuna %44 Bill Gates cevabÄ± verildi https://t.co/nyKbGK8qâ€¦;"RT @tcookgm: Ã–zel Kurslar KoronavirÃ¼s Covid-19 SalgÄ±nÄ± HakkÄ±nda
https://t.co/XrUWckj7XI https://t.co/w0k2CBM6uB";@baykusgirl Ne boÅŸ insanlar var aq ya. Sonra vay efendim dÃ¼ÄŸÃ¼nÃ¼mde kocam korona kapmÄ±ÅŸ Allah rÄ±zasÄ± iÃ§in bi fatihaâ€¦ https://t.co/5IYNPxrkGW;"RT @odtubirder: Instagram canlÄ± yayÄ±nÄ±mÄ±zda;

â¦@akpartiistanbulâ© mv sayÄ±n â¦@RumeysaKadakâ© hanÄ±mefendiyi konuk ediyoruz. 

Siyasetten Ã¼niverâ€¦";@denizyekta77 Korona var aq bi dur;"KoronavirÃ¼s salgÄ±nÄ±nda son 24 saat
https://t.co/s65SQkyKzU #korona https://t.co/vrVXbA8t0V";RT @UretimYerli: CovÄ±d-19 VirÃ¼sÃ¼ne KarÅŸÄ± CE Belgeli ( AEREM-19 UV-C ) AdlÄ± Yerli Hava Sterilizasyon CihazÄ± GeliÅŸtirildi BakÄ±rkÃ¶y Dr. Sadi Kâ€¦;RT @zaytung: Bu Yaz TÃ¼rkiye'den Turist Kabul EdilmeyeceÄŸini AÃ§Ä±klayan Yunanistan Turizm BakanlÄ±ÄŸÄ±: ''Sizinki Korona'dan deÄŸil ya, nasÄ±lsa gâ€¦;"RT @PatrickJane02: AylardÄ±r Korona virÃ¼s salgÄ±nÄ± nedeniyle cezaevinde meydana gelebilecek felaketleri yazÄ±yoruz.
Bu salgÄ±nÄ±n muhtemel hedefâ€¦";"RT @euronews_tr: NO COMMENT | Camilerde artÄ±k saflar dÃ¼zgÃ¼n ama sÄ±k deÄŸil

Covid-19 salgÄ±nÄ±ndan dolayÄ± ara verilen cuma namazlarÄ± sosyal meâ€¦";"BartÄ±n'da, Covid-19 tedavisi gÃ¶ren hasta kalmadÄ±

#koronavirus

https://t.co/DV3N8SJfRe";FarkÄ±nda mÄ±sÄ±nÄ±z kÄ±ÅŸ geri geldi resmen. Ãœzerimizde nasÄ±l bir lanet var bilmiyorum ama MayÄ±s bitti ben bitti o bittiâ€¦ https://t.co/Q0qE90uNhW;"Amerikaâ€™da Korona VirÃ¼sten Ã–lenlerin SayÄ±sÄ± 103 Bin 417
 https://t.co/mJzkbWK05B";Korona bi sal artÄ±k kardeÅŸim be;RT @profdrcetiner: LÃ¼tfen maske takmayan ve fiziksel mesafeye uymayanlara geÃ§it vermeyin...  BU ÃœLKEDE MASKE TAKANLAR TAKMAYANLAR KADAR CESâ€¦;"#Bulgaristan'da #covid19 durumu 83.gÃ¼nÃ¼
https://t.co/YTpYDwbYNf
#korona #virÃ¼s #bghaber";RT @akkus_suzan: Covid_19 ÅŸÃ¼phesiyle annemi hastaneye kaldÄ±rdÄ±k ÅŸuan hastanede karantinaya alÄ±ndÄ±k pozitif olabileceÄŸimiz sÃ¶ylendi dualarÄ±nâ€¦;RT @mahmutovur: Kriz tellallarÄ± bu tablo ortaya Ã§Ä±kmasÄ±n diye her tÃ¼rlÃ¼ yalanÄ± sÃ¶yledi. BattÄ±k batÄ±yoruz,  ekonomi iyi yÃ¶netilmiyor, koronaâ€¦;"RT @yeniyasamgazete: â€˜Covid-19 pandemisi aÃ§lÄ±k pandemisine dÃ¶nÃ¼ÅŸebilirâ€™ 

DÃ¼nya GÄ±da ProgramÄ±, koronavirÃ¼s salgÄ±nÄ± nedeniyle GÃ¼ney Amerikaâ€¦";RT @mahirunal: Covid 19 sebebiyle kaybettiÄŸimiz Prof.Dr. Feriha Ã–zâ€™Ã¼n adÄ±nÄ± yaÅŸatacak olan 1008 yataklÄ± Sancaktepe Acil Durum Hastanesi 45â€¦;RT @ErtanOzyigit: ABD'de yapÄ±lan kamuoyu yoklamasÄ±nda, Covid-19'u kim Ã§Ä±karttÄ± sorusuna %44 Bill Gates cevabÄ± verildi https://t.co/nyKbGK8qâ€¦;"RT @halid_mehmed: Osman Ã–ner Din KÃ¼ltÃ¼rÃ¼ Ã¶ÄŸretmeniydi. 

3 yÄ±l Ã¶nce sendika Ã¼yeliÄŸinden dolayi Kilis cezaevine hapsedildi.

8 kiÅŸilik koÄŸuÅŸâ€¦";@Gokhan_1987_ Bu sene niye izliyorum onu hic bilmiyorum hep korona yÃ¼zÃ¼nden;#evlenmeyin demeye gerek yok,  bu yÄ±l dÃ¼ÄŸÃ¼nler  Covid 19 sebebi ile zaten  iptal ğŸ˜‚ğŸ˜‚ baÅŸka zaman artÄ±k..;RT @Mikdatca: Her afette insanÄ± en Ã§ok kendi bilgisi, hazÄ±rlÄ±ÄŸÄ± ve davranÄ±ÅŸlarÄ± korur. Korona salgÄ±nÄ±nda da durum aynen bÃ¶yle. YanlÄ±ÅŸ yapanâ€¦;"RT @Haberdar: Silivri'de 107 korona vakasÄ±: 15 KoÄŸuÅŸ karantinada

https://t.co/vRyxTTZ9q6 https://t.co/BzLASuPbB3";RT @mahmutovur: Kriz tellallarÄ± bu tablo ortaya Ã§Ä±kmasÄ±n diye her tÃ¼rlÃ¼ yalanÄ± sÃ¶yledi. BattÄ±k batÄ±yoruz,  ekonomi iyi yÃ¶netilmiyor, koronaâ€¦;@THEMARGlNALE Ulan ÅŸerefsiz Ã§aÄŸdaÅŸ bir toplum diyorsun, FETÄ°H sÃ¼resini bile hazmedemiyosun, git o zaman Tohumu olduâ€¦ https://t.co/G4dmu71FAa;"RT @1muhendisadam: KORONA VÄ°RÃœSÃœ 5G PROJESÄ° MÄ°? ğŸ”œ https://t.co/MPyzoI8DJV

#coronavirus #goktasi #meteor #COVID2019 #5GTech #italy https://â€¦";RT @ErtanOzyigit: ABD'de yapÄ±lan kamuoyu yoklamasÄ±nda, Covid-19'u kim Ã§Ä±karttÄ± sorusuna %44 Bill Gates cevabÄ± verildi https://t.co/nyKbGK8qâ€¦;"@engnkocaman1903 BulaÅŸtÄ±rdÄ± ama;
Korona nÄ±n Ã¶lÃ¼mle sonuÃ§lanan bulaÅŸma oranÄ± 0.26%!
Normal bir gripten farklÄ± degil";BorÃ§lar Vizemin 97 olmasÄ± ve ilk dÃ¶nem vize-final-bÃ¼t Ã¼Ã§lÃ¼sÃ¼nden toplamda 70 almam... Sana da eyvallah korona;RT @mahirunal: Covid 19 sebebiyle kaybettiÄŸimiz Prof.Dr. Feriha Ã–zâ€™Ã¼n adÄ±nÄ± yaÅŸatacak olan 1008 yataklÄ± Sancaktepe Acil Durum Hastanesi 45â€¦;RT @UretimYerli: CovÄ±d-19 VirÃ¼sÃ¼ne KarÅŸÄ± CE Belgeli ( AEREM-19 UV-C ) AdlÄ± Yerli Hava Sterilizasyon CihazÄ± GeliÅŸtirildi BakÄ±rkÃ¶y Dr. Sadi Kâ€¦;RT @ErtanOzyigit: ABD'de yapÄ±lan kamuoyu yoklamasÄ±nda, Covid-19'u kim Ã§Ä±karttÄ± sorusuna %44 Bill Gates cevabÄ± verildi https://t.co/nyKbGK8qâ€¦;Ã‡ok ÅŸÃ¼kÃ¼r CovÄ±d-19 korona virÃ¼sten dolayÄ± yapÄ±lamayan Cuma namazÄ± sokakta bile olsa IÄŸdÄ±r'Ä±mÄ±z da kÄ±lÄ±ndÄ±. Allah kaâ€¦ https://t.co/QaiZStgRTY;@ErtanOzyigit Ertan bey, covid-19 virÃ¼s deÄŸilde eksozom olabilir mi?;"RT @drsadiyazici: Millet olma bilinciyle zor gÃ¼nleri hep beraber aÅŸtÄ±k.
Covid 19 mÃ¼cadelesinde devletimizin imkanlarÄ±nÄ± seferber ederek, 45â€¦";Korona riski devam ederken spora gidemem, yine fÄ±ndÄ±k sonrasÄ±na niyetlendik bakalÄ±m ğŸ¤­;RT @cuneytozdemir: George Floyd cinayeti ABD'de daha da bÃ¼yÃ¼yecek! Ana akÄ±m medya Ã¶nce gÃ¶rmemeyi tercih etti, geÃ§iÅŸtirdi, haberi kÃ¼Ã§Ã¼k verdâ€¦;RT @mahmutovur: Kriz tellallarÄ± bu tablo ortaya Ã§Ä±kmasÄ±n diye her tÃ¼rlÃ¼ yalanÄ± sÃ¶yledi. BattÄ±k batÄ±yoruz,  ekonomi iyi yÃ¶netilmiyor, koronaâ€¦;"Ben: korona bitsin egeden baÅŸlayÄ±p antalyadan Ã§Ä±kayÄ±m..
Ahmet: korona bitsin sivasa gidem traktÃ¶r sÃ¼rem yaylaya Ã§Ä±kam madÄ±mak toplÄ±yam ğŸ˜±ğŸ˜±ğŸ˜±";Sen Korona zamanÄ± doktor alkÄ±ÅŸlayan milletin sesini bastÄ±rmak iÃ§in minarelerden gÃ¼rÃ¼ltÃ¼lÃ¼ reklam gÃ¶sterisi yap. Camâ€¦ https://t.co/mObGAzHsa5;"RT @kurtuluspartisi: ""Korona GÃ¼nlerinde Katmerlenen 
KadÄ±n Sorunu, Tarihsel SÃ¼reci Ve Ã‡Ã¶zÃ¼m YollarÄ±"" baÅŸlÄ±klÄ± canlÄ± yayÄ±nÄ±mÄ±zÄ± sayfalarÄ±mÄ±zâ€¦";@ferhatcakiroglu Modern tabir edilen Ã¼lkelerde bile Covid-19 sebebi ile KURAN ve ezan okunup sokaklarda namaz kÄ±lÄ±nâ€¦ https://t.co/HCp95NJ8Ua;"HayatÄ±mda aldÄ±ÄŸÄ±m en doÄŸru kararlarÄ± dÃ¼ÅŸÃ¼nÃ¼yorum: ğŸ¤”
. Tarih bÃ¶lÃ¼mÃ¼nÃ¼ bÄ±rakmak 
. Peru'ya dil eÄŸitimine gitmek
. Kadâ€¦ https://t.co/pNl89Tsp2t";#kÄ±brÄ±srezaleti hala ayakta durabiliyorsan tÃ¼rkiye sayesinde tabi korona Ã§Ä±kÄ±nca Ã¶ÄŸrenciler sayesinde artan ekonomiâ€¦ https://t.co/gqFsCLBMW4;#ErdogandanKorkmuyorum niye korkayÄ±m ki? Reisi Cumhur baÅŸÄ±mÄ±zÄ±n tacÄ±dÄ±r.Allah baÅŸÄ±mÄ±zdan eksik etmesin. Ne darbe, nâ€¦ https://t.co/IFbfdUMg7n;"RT @odtubirder: Instagram canlÄ± yayÄ±nÄ±mÄ±zda;

â¦@akpartiistanbulâ© mv sayÄ±n â¦@RumeysaKadakâ© hanÄ±mefendiyi konuk ediyoruz. 

Siyasetten Ã¼niverâ€¦";"Silivri'de 107 korona vakasÄ±: 15 KoÄŸuÅŸ karantinada

https://t.co/vRyxTTZ9q6 https://t.co/BzLASuPbB3";Nefes alip verme sesine bile sinir olmaya basladim bitsin su korona illeti artik;korona bize engel olamaz. #koronabizeengelolamaz;RT @ceyhanmem01: MÃ¼dÃ¼rÃ¼mÃ¼z Sn.@muratkocer01 Covid 19 Pandemi sÃ¼resince Ã¶ÄŸretmenler tarafÄ±ndan ilÃ§emizde yapÄ±lan Ã¶zverili Ã§alÄ±ÅŸmalar iÃ§in Ã¶ÄŸâ€¦;RT @UretimYerli: CovÄ±d-19 VirÃ¼sÃ¼ne KarÅŸÄ± CE Belgeli ( AEREM-19 UV-C ) AdlÄ± Yerli Hava Sterilizasyon CihazÄ± GeliÅŸtirildi BakÄ±rkÃ¶y Dr. Sadi Kâ€¦
