"RT @BirGun_Gazetesi: Her 100 bin kiÅŸide gÃ¶rÃ¼len Covid-19 vaka sayÄ± Ä°stanbul'da 4 haftada 60,19'dan 401,62'ye yÃ¼kseldi
https://t.co/SAD1fjV3â€¦";"SaÄŸlÄ±k BakanlÄ±ÄŸÄ±, illere gÃ¶re Covid-19 vaka sayÄ±larÄ±nÄ± aÃ§Ä±kladÄ±

https://t.co/1bcbYHhTsS";RT @OkuyanKemal: AÃ§Ä±klanan kÄ±sÄ±tlama takviminin halk saÄŸlÄ±ÄŸÄ±yla ilgisi yok. Haftalar Ã¶ncesinden planlamÄ±ÅŸlardÄ±. MHP ve AKP Kongrelerini lebâ€¦;KaÃ§Ä±rÄ±ldÄ±ÄŸÄ±nÄ± sandÄ±, araÃ§tan kaÃ§tÄ±... Korona testi pozitif Ã§Ä±kan teyze hasta servisinden kaÃ§tÄ± https://t.co/6v2878owhb;RT @DevrikKatip: Mahmut SÃ¶ylemez, cezaevinde hasta tutuklu. BaÄŸÄ±rsaklarÄ±ndan hasta ve kanamasÄ± var. Ve iki ay Ã¶nce korona oldu. Bu insanÄ±nâ€¦;"RT @Divani26160691: #uyantÃ¼rkiyeiÅŸgalediliyorsun
#AsÄ±larVakaalarÄ±ArtÄ±rdÄ± 
Almak istediklerini aldÄ±klarÄ±nda bir sabah bir uyanacaÄŸÄ±z ki koroâ€¦";"RT @cihatk: @dr_sarper Doktor Bey,
Annem ve Babam aÅŸÄ±dan sonra rahatsÄ±zlandÄ±. Covid 19 pozitif tanÄ±sÄ± koydular. Ä°kisi de entÃ¼be oldu ve 15â€¦";RT @DevrikKatip: Mahmut SÃ¶ylemez, cezaevinde hasta tutuklu. BaÄŸÄ±rsaklarÄ±ndan hasta ve kanamasÄ± var. Ve iki ay Ã¶nce korona oldu. Bu insanÄ±nâ€¦;@baharttopcu Korona oldun hala iÅŸin gÃ¼cÃ¼n aÅŸk Allah daha sana nasÄ±l iÅŸaret gÃ¶stersin be;RT @__Epifany: LÃ¼tfen ayarlarla oynamayÄ±n, kendisi Ã¶yle ğŸ˜‚âœŒï¸ #Covid_19  son mutant semptomlarÄ± hep bunlar, olacaÄŸÄ± buydu ğŸ¤”ğŸ˜‚ https://t.co/Ab7â€¦;Bu haftaki listemde 56 saat Ã§alÄ±ÅŸÄ±yorum. Hemde Covid-19 YoÄŸun BakÄ±mda @drfahrettinkoca #hemsireinsandÄ±r;RT @SSSBBL777: #COVID19 geÃ§iren Ã§ocuklarda #MIS_C hastalÄ±ÄŸÄ±na dikkat! https://t.co/49S9Xrq5mT https://t.co/xn2FZPauYT;"RT @YelizzKoray: Cahit Ã–zkan: 

â€œKorona vaka sayÄ±larÄ± AKP kongrelerinden dolayÄ± deÄŸil aÃ§Ä±lan restoran ve kafeler yÃ¼zÃ¼nden arttÄ±â€ demiÅŸ. 

Eâ€¦";kendimi bildim bileli astÄ±m hastasÄ±yÄ±m yaÅŸadÄ±ÄŸÄ±m ÅŸeyin astÄ±m kaynaklÄ± olduÄŸuna da eminim ama ulan korona mÄ±yÄ±m tribi beni bitirdi;"RT @Divani26160691: #uyantÃ¼rkiyeiÅŸgalediliyorsun
#AsÄ±larVakaalarÄ±ArtÄ±rdÄ± 
Almak istediklerini aldÄ±klarÄ±nda bir sabah bir uyanacaÄŸÄ±z ki koroâ€¦";RT @OkuyanKemal: AÃ§Ä±klanan kÄ±sÄ±tlama takviminin halk saÄŸlÄ±ÄŸÄ±yla ilgisi yok. Haftalar Ã¶ncesinden planlamÄ±ÅŸlardÄ±. MHP ve AKP Kongrelerini lebâ€¦;RT @DrEmreOzdemir: Doktor bir Ã§ift olarak hanÄ±mla o kadar gÃ¶rÃ¼ÅŸemiyoruz ki kendisi yarÄ±n korona Ã§Ä±ksa ben temaslÄ± deÄŸilim.;RT @aksaricam: HaftalÄ±k OlaÄŸan Ä°lÃ§e  YÃ¼rÃ¼tme Kurulu ToplantÄ±mÄ±zÄ±,Ä°lÃ§e BaÅŸkanÄ±mÄ±z @Emrah_CEYLAN01   BaÅŸkanlÄ±ÄŸÄ±nda KoronavirÃ¼s (Covid-19) Tedâ€¦;RT @drcetiner: Koronaâ€™dan Ã¶ldÃ¼k diye cigara da iÃ§â€™mayak mÄ±?  https://t.co/1i1SjT31UJ;RT @aksaricam: HaftalÄ±k OlaÄŸan Ä°lÃ§e YÃ¶netim Kurulu ToplantÄ±mÄ±zÄ±,Ä°lÃ§e BaÅŸkanÄ±mÄ±z @Emrah_CEYLAN01  BaÅŸkanlÄ±ÄŸÄ±nda Ä°l KoordinatÃ¶rlerimizinde Kaâ€¦;"RT @filiz_hier_: 55 aydÄ±r Hilvan CÄ°K'te olan Mahmut SÃ–YLEMEZ'in; hipertansiyon hastasÄ± ve Covid-19 olduÄŸunu, cezasÄ±nÄ±n Mart ayÄ±nda bitmiÅŸ oâ€¦";RT @TurhanBozkurTV: Brezilya son 24 saatte 3 bin 780 kiÅŸinin yeni yeni tip koronavirÃ¼s (Covid-19) sebebiyle hayatÄ±nÄ± kaybettiÄŸini bildirdi.â€¦;RT @siminya: korona bitmiÅŸ. erkekler evden defolup gitmiÅŸ allahÄ±n cezasÄ± hizmet baÄŸÄ±mlÄ±larÄ±, altÄ±n gÃ¼nleri yeniden baÅŸlamÄ±ÅŸ kÄ±sÄ±r yapmÄ±ÅŸÄ±zâ€¦;RT @Mustafa77410156: Pandeminin BaÅŸÄ±nda GerÃ§ekleri Ekrana aktaran A Haber Siz  niye 360 derece dÃ¶ndÃ¼nÃ¼z Bu yayÄ±nlarÄ± devam ettirseydiniz Buâ€¦;Ä°talya'nÄ±n Sicilya adasÄ±nda, bÃ¶lgenin karantinaya alÄ±nmasÄ±nÄ± Ã¶nlemek iÃ§in Covid-19 verilerinin tahrif edildiÄŸi iddiâ€¦ https://t.co/98Nye2FGvd;RT @nememuruu: 103 yaÅŸÄ±ndaki kadÄ±n,Covid-19'u yenmeyi soÄŸuk bir birayla kutladÄ± https://t.co/Mf270vZZH1;BugÃ¼n de 25bin kere 'korona' kelimesini kullandÄ±k...;"RT @H_Ciloglu: ğŸ’¯ Korona Ã‡in mucizesi nasÄ±l oldu diye soranlara; 

Wuhan ÅŸehrine 2020 Åubat'Ä±nda 50 Ton #CVitamini getirildi ve hastalÄ±ÄŸÄ±n sâ€¦";Akp Covid 19 politikasÄ± saldÄ±m Ã§ayÄ±ra mevlam kayÄ±ra . .;RT @nememuruu: 103 yaÅŸÄ±ndaki kadÄ±n,Covid-19'u yenmeyi soÄŸuk bir birayla kutladÄ± https://t.co/Mf270vZZH1;RT @sevincozarslan: Tutuklu Ã¶ÄŸrt. Mahmut SÃ¶ylemez hipertansiyon nedeniyle defalarca acile kaldÄ±rÄ±ldÄ±. BaÄŸÄ±rsaklarÄ±nda kanama var. 1 aydÄ±r dâ€¦;RT @onderseren: Korona Ã§Ä±kalÄ± 1 seneyi geÃ§ti hala anlamadÄ±m bu kapatmalar, aÃ§malar neye gÃ¶re oluyor. VirÃ¼s varsa her yerde tehlikeli, virÃ¼sâ€¦;"RT @adanaakgenclik: Adana AK GenÃ§lik olarak haftalÄ±k olaÄŸan YÃ¶netim Kurulu ToplantÄ±mÄ±zÄ± KoronavirÃ¼s (Covid-19) salgÄ±nÄ±na karÅŸÄ±
Maske ğŸ˜·
Mesaâ€¦";@dr_sarper BeyefendÄ± zature  yenÄ± bÄ±r hastalÄ±k deÄŸil eceli gelen herkez toprak olur. DÃ¼nyada gÃ¼nde aÃ§lÄ±ktan  Ã¶lenleâ€¦ https://t.co/gB8gmF1oO3;"RT @mol_zeynep: Resim Abbott Covid-19 testini gÃ¶stermektedir. Bu arada, Ä°branice'de ""baba"" anlamÄ±na geliyor. Abbott, dÃ¼nyanÄ±n yarÄ±sÄ±nda temâ€¦";"RT @adanaakgenclik: Adana AK GenÃ§lik olarak haftalÄ±k olaÄŸan YÃ¶netim Kurulu ToplantÄ±mÄ±zÄ± KoronavirÃ¼s (Covid-19) salgÄ±nÄ±na karÅŸÄ±
Maske ğŸ˜·
Mesaâ€¦";RT @mustafahos: covid 19 siyasal islamcÄ± mÄ±? oruÃ§ tutana, teravih kÄ±lana dokunmuyormuÅŸ gibi kararlar alÄ±yorlar..;RT @klinikte: COVID-19 aÅŸÄ±sÄ± yapÄ±lan hamile ve emziren kadÄ±nlarÄ±n gÃ¼Ã§lÃ¼ bir baÄŸÄ±ÅŸÄ±klÄ±k tepkisi geliÅŸtirdiÄŸi, plasenta yolu ile fetÃ¼se ve anâ€¦;Brezilya'da son 24 saatte 3 bin 780 kiÅŸi Covid-19 nedeniyle hayatÄ±nÄ± kaybetti. Bu rakam, salgÄ±nÄ±n baÅŸlangÄ±cÄ±ndan buâ€¦ https://t.co/q1YjdzgwqP;"RT @MuratKoseMamak: Covid-19 Savar'larÄ±mÄ±z
Yeniden Ä°ÅŸbaÅŸÄ± YaptÄ±. ğŸ™‹ğŸ»â€â™‚ï¸

SalgÄ±n sayÄ±larÄ±nÄ±n artÄ±ÅŸ gÃ¶stermesi ile Ã¶ncelikli olarak caddeleriâ€¦";"RT @H_Ciloglu: ğŸ’¯ Korona Ã‡in mucizesi nasÄ±l oldu diye soranlara; 

Wuhan ÅŸehrine 2020 Åubat'Ä±nda 50 Ton #CVitamini getirildi ve hastalÄ±ÄŸÄ±n sâ€¦";RT @sevincozarslan: Tutuklu Ã¶ÄŸrt. Mahmut SÃ¶ylemez hipertansiyon nedeniyle defalarca acile kaldÄ±rÄ±ldÄ±. BaÄŸÄ±rsaklarÄ±nda kanama var. 1 aydÄ±r dâ€¦;ÅŸka korona var malsf ki;hayir damlos korona degilsin sadece grip oldun sen zaten bu aylarda hep grip olursun;@pismaniyebatu Raadsss sizden birine kaÃ§acam ama gelmez kÃ¼stÃ¼ wlÄŸfÃ¶wpdmwÅŸd aq Ã¶lÃ¼rÃ¼m gelme diyorum trip atÄ±yor eÅŸdÄŸâ€¦ https://t.co/zfkdHujEbV;@ismailsaymaz Covid 19 giderek gÃ¼Ã§leniyor.Ama Fahrettin 3 3 maÃ§ derdin de,Kendileri N95 maskesi takÄ±yor halk ise meâ€¦ https://t.co/M8fCOSqmBw;@emiramayikikk KÃ¶tÃ¼ olmuÅŸtu eve geldik sonra nasÄ±l oldu bilmiyorum korona oldum fhndnd;"RT @LutfuTurkkan: DÃ¼n akÅŸam CumhurbaÅŸkanÄ± ErdoÄŸanâ€™Ä±n aÃ§Ä±klamalarÄ± ÅŸÃ¶yleydi:
- â€œYeni korona Ã¶nlemleri kapsamÄ±nda, yastÄ±k altÄ±ndaki dÃ¶viz veâ€¦";RT @sevvalalkis: Bir Ã§ocuk vardÄ±, abi biz namaz kÄ±lÄ±yoruz bize korona bulaÅŸmaz imanlÄ±yÄ±z, demiÅŸti. Bu cÃ¼mleyle aralarÄ±nda hiÃ§bir fark gÃ¶remâ€¦;"RT @ayyildirim1: MHP TBMM Grup ToplantÄ±mÄ±z #30Mart2021 SalÄ± gÃ¼nÃ¼ (YarÄ±n) Saat:10.45'te yapÄ±lacaktÄ±r.

Grup toplantÄ±mÄ±z Covid-19 nedeniyle yâ€¦";RT @KeremCa04499057: Pandemi yalanÄ±nÄ±z  #Ã§Ã¶ktÃ¼ gribi aldÄ±nÄ±z baÅŸÄ±mÄ±za korona yaptÄ±nÄ±z her yeri kapattÄ±nÄ±z kaÃ§ para aldÄ±nÄ±z dsÃ¶ den bize dÃ¼ÅŸâ€¦;"RT @tokcem: Korona ile alakasÄ± yok..
KÃ¼resel dalgalanma muhabbeti filan..
OralarÄ± geÃ§eceksiz!!
Yemezler!!
Korona ile alakalÄ± olsa, neden GÃ¼â€¦";Murat Yetkin: Sadece Covid-19 deÄŸil, ErdoÄŸanâ€™Ä±n TÃ¼rkiye tablosu adeta tel telÂ dÃ¶kÃ¼lÃ¼yor https://t.co/7f9huvqsPG;"RT @MeryemSurmen: Bu kez tatlÄ± paketleriğŸŒ¹

Arsin Ä°lÃ§emizde korona tedavisi gÃ¶ren vatandaÅŸlarÄ±mÄ±za kÃ¼Ã§Ã¼k ikramlÄ±klarÄ±mÄ±zÄ± kapÄ±larÄ±na astÄ±k,zâ€¦";"RT @adanaakgenclik: Adana AK GenÃ§lik olarak haftalÄ±k olaÄŸan YÃ¶netim Kurulu ToplantÄ±mÄ±zÄ± KoronavirÃ¼s (Covid-19) salgÄ±nÄ±na karÅŸÄ±
Maske ğŸ˜·
Mesaâ€¦";"RT @tokcem: Korona ile alakasÄ± yok..
KÃ¼resel dalgalanma muhabbeti filan..
OralarÄ± geÃ§eceksiz!!
Yemezler!!
Korona ile alakalÄ± olsa, neden GÃ¼â€¦";"RT @SayarBilgi01: AÅI DAN 4 gÃ¼n sonra:
https://t.co/0rIcawMGqa";"RT @YelizzKoray: Cahit Ã–zkan: 

â€œKorona vaka sayÄ±larÄ± AKP kongrelerinden dolayÄ± deÄŸil aÃ§Ä±lan restoran ve kafeler yÃ¼zÃ¼nden arttÄ±â€ demiÅŸ. 

Eâ€¦";RT @akkadintrabzon: AK Parti Ä°l KadÄ±n KollarÄ± BaÅŸkanÄ±mÄ±z @MeryemSurmen  ve yÃ¼rÃ¼tme kurulu Ã¼yesi,Arsin Ä°lÃ§e KadÄ±n KollarÄ± BaÅŸkanÄ± Sn.SÃ¼heylaâ€¦;@beehabertr Korona Ã¶nlemleri iÅŸte;eger aylarca disari cikmayip bir saat disari cikmayla korona olduysam aglarim;"RT @HastaTutuklular: Ä°HDâ€™ye gÃ¶re cezaevlerinde 604â€™Ã¼ aÄŸÄ±r olmak Ã¼zere toplam 1605 hasta tutuklu var. 

HastalÄ±k nedeniyle @ADLITIPKURUMU naâ€¦";@drfahrettinkoca 20 yÄ±ldÄ±r vergi Ã¶dediÄŸim SGK aracÄ±lÄ±ÄŸÄ± ile tarafÄ±ma hakkÄ±m olan Covid-19 aÅŸÄ±sÄ±nÄ±n derhal tahsis edâ€¦ https://t.co/7UEzckUIKL;"RT @H_Ciloglu: ğŸ’¯ Korona Ã‡in mucizesi nasÄ±l oldu diye soranlara; 

Wuhan ÅŸehrine 2020 Åubat'Ä±nda 50 Ton #CVitamini getirildi ve hastalÄ±ÄŸÄ±n sâ€¦";RT @DrSinanOgan: TÃ¼rkiyeâ€™nin dÃ¶rt bir yanÄ±ndan binlerce insanÄ± Ankaraâ€™ya yÄ±ÄŸ, kongre salonlarÄ±nÄ± Lebaleb doldur, Kovid bulaÅŸmÄ±ÅŸ binlerce inâ€¦;RT @UmitDikbayir: GeÃ§irdiÄŸim Covid-19 hastalÄ±ÄŸÄ± sebebiyle aramalarÄ±yla, mesajlarÄ±yla geÃ§miÅŸ olsun dileklerinde bulunan tÃ¼m dava arkadaÅŸlarÄ±â€¦;"RT @YelizzKoray: Cahit Ã–zkan: 

â€œKorona vaka sayÄ±larÄ± AKP kongrelerinden dolayÄ± deÄŸil aÃ§Ä±lan restoran ve kafeler yÃ¼zÃ¼nden arttÄ±â€ demiÅŸ. 

Eâ€¦";"RT @YelizzKoray: Cahit Ã–zkan: 

â€œKorona vaka sayÄ±larÄ± AKP kongrelerinden dolayÄ± deÄŸil aÃ§Ä±lan restoran ve kafeler yÃ¼zÃ¼nden arttÄ±â€ demiÅŸ. 

Eâ€¦";"RT @YelizzKoray: Cahit Ã–zkan: 

â€œKorona vaka sayÄ±larÄ± AKP kongrelerinden dolayÄ± deÄŸil aÃ§Ä±lan restoran ve kafeler yÃ¼zÃ¼nden arttÄ±â€ demiÅŸ. 

Eâ€¦";RT @mustafahos: covid 19 siyasal islamcÄ± mÄ±? oruÃ§ tutana, teravih kÄ±lana dokunmuyormuÅŸ gibi kararlar alÄ±yorlar..;"RT @YelizzKoray: Cahit Ã–zkan: 

â€œKorona vaka sayÄ±larÄ± AKP kongrelerinden dolayÄ± deÄŸil aÃ§Ä±lan restoran ve kafeler yÃ¼zÃ¼nden arttÄ±â€ demiÅŸ. 

Eâ€¦";@burak_turna AÅŸÄ±dan mÄ± bu hale gelmiÅŸ acaba?https://t.co/mUphadFZkV;"RT @Reis_cansn: YURTDIÅINDA YAÅAYAN TÃœM VATANSEVERLERÄ°, YAÅADIKLARI ÃœLKELERÄ°N EKONOMÄ°K DURUMUNU ANLATMASINI RÄ°CA EDÄ°YORUM.
BURASI ALMANYA!â€¦";"RT @HafiyeTeskilat_: #BizimÃ‡ocuklarÄ±nYanÄ±ndayÄ±z 
Korona'nÄ±n en gÃ¼Ã§lÃ¼ zamanlarÄ±ndan bu yana sokaklardayÄ±m. Ä°STANBUL'da gitmediÄŸim CAMÄ° kalmaâ€¦";"RT @tolgaozcelkk90: UNUTMA HATIRLA
WHO da itiraf etti
Harvard Ãœniversitesi'nin ""Domuz gribi abartÄ±ldÄ±"" araÅŸtÄ±rmasÄ±nÄ±n ardÄ±ndan DÃ¼nya SaÄŸlÄ±kâ€¦";RT @feyza_ae: GÃ¼naydÄ±n. Covid-19â€™un aÅŸÄ±sÄ± var. AÅŸÄ±sÄ± olan bir salgÄ±n iÃ§in kapanÄ±yoruz.;RT @mustafahos: covid 19 siyasal islamcÄ± mÄ±? oruÃ§ tutana, teravih kÄ±lana dokunmuyormuÅŸ gibi kararlar alÄ±yorlar..;RT @Mustafa77410156: Pandeminin BaÅŸÄ±nda GerÃ§ekleri Ekrana aktaran A Haber Siz  niye 360 derece dÃ¶ndÃ¼nÃ¼z Bu yayÄ±nlarÄ± devam ettirseydiniz Buâ€¦;"RT @turkucgeni: #Maske , #mesafe , #aÅŸÄ± , #heskodu , #filsasyon , #test olmadan TÃ¼rkiye keyfi ..

Korona sadece TÃ¼rkler iÃ§Ã¼n . 
TÃ¼rkler sadâ€¦";"RT @BirGun_Gazetesi: Her 100 bin kiÅŸide gÃ¶rÃ¼len Covid-19 vaka sayÄ± Ä°stanbul'da 4 haftada 60,19'dan 401,62'ye yÃ¼kseldi
https://t.co/SAD1fjV3â€¦";RT @nememuruu: 103 yaÅŸÄ±ndaki kadÄ±n,Covid-19'u yenmeyi soÄŸuk bir birayla kutladÄ± https://t.co/Mf270vZZH1;"RT @turkucgeni: #Maske , #mesafe , #aÅŸÄ± , #heskodu , #filsasyon , #test olmadan TÃ¼rkiye keyfi ..

Korona sadece TÃ¼rkler iÃ§Ã¼n . 
TÃ¼rkler sadâ€¦";RT @DrTomrisCesur: VaryantlarÄ±n bazÄ±larÄ±nÄ±n daha bulaÅŸÄ±cÄ±, bazÄ±larÄ±nÄ±n daha aÄŸÄ±r hastalÄ±k yaptÄ±ÄŸÄ± doÄŸru. Covid-19 vaka sayÄ±larÄ± arttÄ±kÃ§a Ã§oâ€¦;HaykÄ±rsam dÃ¼nyaya ettikleriniÄŸ !!!!! yine anlatamam Ã§ektiklerimiÄŸÄŸ #Covid_19 ğŸ¤£ğŸ¤£ beni bu gÃ¼nÃ¼mden dÃ¼nden ettiler #yasaklargerigeldi;RT @SenaOzg1: Ekonomik sorunlar bitmiyor.. Korona  bitmiyor.. Problemler daÄŸ olmuÅŸ, Ã§Ã¶zÃ¼m yok.. Lak luk Ã§ok.. Kongreleri  yaptÄ±lar, yedilerâ€¦;RT @drcetiner: Koronaâ€™dan Ã¶ldÃ¼k diye cigara da iÃ§â€™mayak mÄ±?  https://t.co/1i1SjT31UJ;"RT @cihatk: @dr_sarper Doktor Bey,
Annem ve Babam aÅŸÄ±dan sonra rahatsÄ±zlandÄ±. Covid 19 pozitif tanÄ±sÄ± koydular. Ä°kisi de entÃ¼be oldu ve 15â€¦";@mursel_gokdere @acikcenk Åeytan arada geziyor be kardeÅŸim namazÄ±n en Ã¶nemli detaylarÄ±ndan biri ÅŸeytan ne bilir korona falan;RT @nememuruu: 103 yaÅŸÄ±ndaki kadÄ±n,Covid-19'u yenmeyi soÄŸuk bir birayla kutladÄ± https://t.co/Mf270vZZH1;RT @E_SemihYalcin: 1- BilindiÄŸi Ã¼zere, Covid-19 salgÄ±nÄ±nda son gÃ¼nlerde yaÅŸanan ciddi artÄ±ÅŸ dolayÄ±sÄ±yla hÃ¼kÃ¼metÃ§e alÄ±nan yeni tedbirler Cumâ€¦;DÃ¼nyalar iyisi abim dediÄŸim bir insanÄ± ustamÄ± kaybettim covid-19 dan 35 gÃ¼ndÃ¼r komadaydÄ±. TopraÄŸÄ±n bol mekanÄ±n cennâ€¦ https://t.co/7VFsMm0HmH;RT @E_SemihYalcin: 2-Covid 19 ile mÃ¼cadele kapsamÄ±nda alÄ±nan yeni tedbirlere, siyaset dahil, gÃ¼ndelik hayatÄ±mÄ±zÄ±n her alanÄ±nda uyulmasÄ± Ã¶neâ€¦;"RT @YelizzKoray: Cahit Ã–zkan: 

â€œKorona vaka sayÄ±larÄ± AKP kongrelerinden dolayÄ± deÄŸil aÃ§Ä±lan restoran ve kafeler yÃ¼zÃ¼nden arttÄ±â€ demiÅŸ. 

Eâ€¦";RT @nememuruu: 103 yaÅŸÄ±ndaki kadÄ±n,Covid-19'u yenmeyi soÄŸuk bir birayla kutladÄ± https://t.co/Mf270vZZH1;Korona boyunca zengin daha Ã§ok zenginleÅŸti arabasÄ±nda pudra ÅŸekeri kullandÄ±, fakir daha fakirleÅŸti canÄ±na kÄ±ydÄ±. -Ä;RT @mustafahos: covid 19 siyasal islamcÄ± mÄ±? oruÃ§ tutana, teravih kÄ±lana dokunmuyormuÅŸ gibi kararlar alÄ±yorlar..;Pandemi yalanÄ±nÄ±z  #Ã§Ã¶ktÃ¼ gribi aldÄ±nÄ±z baÅŸÄ±mÄ±za korona yaptÄ±nÄ±z her yeri kapattÄ±nÄ±z kaÃ§ para aldÄ±nÄ±z dsÃ¶ den bizeâ€¦ https://t.co/0sRaOBjplo;anasÄ±nÄ± siktiÄŸimin Ã¶ksÃ¼rÃ¼k krizi girdi duramÄ±yorum Ã¶ksÃ¼rmekten gidiyim de bir soÄŸan atayÄ±m aÄŸzÄ±ma bakalÄ±m korona mÄ± olmuÅŸum;RT @SSSBBL777: #COVID19 geÃ§iren Ã§ocuklarda #MIS_C hastalÄ±ÄŸÄ±na dikkat! https://t.co/49S9Xrq5mT https://t.co/xn2FZPauYT;AK Parti Ä°l KadÄ±n KollarÄ± BaÅŸkanÄ±mÄ±z @MeryemSurmen  ve yÃ¼rÃ¼tme kurulu Ã¼yesi,Arsin Ä°lÃ§e KadÄ±n KollarÄ± BaÅŸkanÄ± Sn.SÃ¼hâ€¦ https://t.co/SQ63EBSGRf
