Covid-19'da can kaybÄ± da vaka sayÄ±sÄ± da artÄ±yor â–ªï¸ https://t.co/EfcGuzYais;En Ã§ok korktuÄŸum ÅŸey de, Covid-19 yÃ¼zÃ¼nden doluluk oranÄ± yÃ¼ksek olan hastaneler. Depremden yaralÄ± Ã§Ä±kan bir hasta yâ€¦ https://t.co/D6rTjZnLe8;RT @TutukluHastalar: GÃ¼n geÃ§miyor ki cezaevlerinden bir hasta tutuklu haberi gelmesin. YÃ¼zde 60 engelli Bilal DanÄ±ÅŸ, 2 kez mide kanamasÄ± geâ€¦;"AtakaÅŸ Hatayspor: ""FutbolcularÄ±mÄ±zÄ±n Covid-19 test sonuÃ§larÄ±nÄ±n tamamÄ± negatife dÃ¶nmÃ¼ÅŸtÃ¼r""
https://t.co/FlpGPdE8Ct";RT @burakyasars: Covid - 19'u, depremleri yeneriz ama cahilliÄŸi pek sanmÄ±yorum;"RT @TutsakBebekler: 11 yaÅŸÄ±ndaki bu kÄ±zÄ±mÄ±z tÃ¼m nazikliÄŸiyle milletvekillerine sesleniyor:

""8 yaÅŸÄ±mdan beri ayrÄ±yÄ±m babamdan. Korona virÃ¼sâ€¦";@allyyxa Korona olunca 1 haftada bu hale geldim kafayÄ± yemek Ã¼zereyim amk;Fahrettin koca 'yÄ± tanÄ±madÄ±ÄŸÄ±m gÃ¼nlere dÃ¶nmek istiyorum. #Covid_19;RT @TutukluHastalar: GÃ¼n geÃ§miyor ki cezaevlerinden bir hasta tutuklu haberi gelmesin. YÃ¼zde 60 engelli Bilal DanÄ±ÅŸ, 2 kez mide kanamasÄ± geâ€¦;RT @Ozgur_Platform: Korona GÃ¼nlÃ¼ÄŸÃ¼ (30 EKÄ°M 2020) https://t.co/0qX8DU60BS;Az Ã¶nce kardeÅŸimle konuÅŸtum o da bugÃ¼n Ä°zmirdeydi asÄ±l sÄ±kÄ±ntÄ±nÄ±n ilerleyen gÃ¼nlerde korona olabileceÄŸini sÃ¶yledi oâ€¦ https://t.co/ZJoRLjTbcY;"RT @sonsuznurm: Grafiker Remzi Kabarakâ€™Ä±n eÅŸi HÃ¼lya Kabarak 3. evre meme ve troid kanseri 
Son olarak korona teÅŸhisi konuldu.
HÃ¼lya hanÄ±m hâ€¦";"RT @TutsakBebekler: 11 yaÅŸÄ±ndaki bu kÄ±zÄ±mÄ±z tÃ¼m nazikliÄŸiyle milletvekillerine sesleniyor:

""8 yaÅŸÄ±mdan beri ayrÄ±yÄ±m babamdan. Korona virÃ¼sâ€¦";"RT @magduriyettr1: Kadir Ã‡eÃ§

Kalp hastasÄ±, aynÄ± zamanda korona testi pozitif Ã§Ä±ktÄ±.

Bir an Ã¶nce serbest bÄ±rakÄ±lmasÄ± gerekiyor.

EkmekDeÄŸiâ€¦";Hale bak bir yandan korona bir yandan deprem. HastalÄ±ktan sakÄ±n, depremden kork. Allah'Ä±m sen yardÄ±m et https://t.co/GsLzh2D8s8;RT @heyyabitches: Covid 19'u da yeneriz, depremleri de yeneriz yaralarÄ±mÄ±zÄ± hep beraber sararÄ±z ama ama cahilliÄŸi pek sanmÄ±yorum;Tek dileÄŸim enkazdakiler canlÄ± bulunur ve yaralÄ± olanlar en kÄ±sa sÃ¼rede atlatÄ±r. Ama bir de bu telaÅŸta bu kalabalikâ€¦ https://t.co/K6Exd9gzqC;RT @tugvaTR: Covid-19 nedeni ile boÅŸ olan TÃœGVA Ä°zmir YurtlarÄ±mÄ±zÄ±n kapÄ±larÄ±nÄ± depremden etkilenen vatandaÅŸlarÄ±mÄ±zÄ±n kullanÄ±mÄ±na sunmak Ã¼zeâ€¦;@drfahrettinkoca SayÄ±n Bakan Bu NasÄ±l bir YÄ±l oldu bÃ¶yle 2020 Resmen Felaketler yÄ±lÄ±,Hocam KoronavirÃ¼s Ã–nlemleri adâ€¦ https://t.co/PvDbsyCaCk;Covid-19 benden dedemi aldÄ±n...canÄ±mÄ±,ciÄŸerimi.Åu illeti saran her kimse hakkÄ±mÄ± gram helal etmiyorum,allah bildiÄŸi gibi yapsÄ±n;"KoronavirÃ¼s gerÃ§ekleri: Nerede hata yaptÄ±k?

TÃ¼rkiyeâ€™nin pandemiyle sÄ±navÄ±nÄ± TÃ¼rk Tabipler BirliÄŸi Covid 19- Ä°zlemeâ€¦ https://t.co/eGeOpEqtmQ";@Neferism @FAIRJUSTICE111 @kendinesekuler Uzaktan ayak selamÄ± ver korona gÃ¼nlerimdeyiz malum :);eve girme deprem var, dÄ±ÅŸarÄ± Ã§Ä±kma korona var diyosunuz.buzullarda penguenlerle yaÅŸama fikri Ã§ok cezbediyo ÅŸu an;Okuyan cahil hiÃ§ Ã§ekilmiyor. Adam sabah korona yorumu yapÄ±yor ,Ã¶ÄŸlen siyasi analiz akÅŸam da deprem oldu, sosyolog kâ€¦ https://t.co/MWiQZSsSMA;Bu 2020 NeymiÅŸ ya olamayacak kesin olmaz imkansÄ±z dediÄŸimiz ne varsa oldu hay amk bi hayalim vardi belki olmayacakâ€¦ https://t.co/usOIP7LiTy;RT @tugvaTR: Covid-19 nedeni ile boÅŸ olan TÃœGVA Ä°zmir YurtlarÄ±mÄ±zÄ±n kapÄ±larÄ±nÄ± depremden etkilenen vatandaÅŸlarÄ±mÄ±zÄ±n kullanÄ±mÄ±na sunmak Ã¼zeâ€¦;Covid-19'u, depremleri yeneriz de bu cahilliÄŸi hiÃ§ sanmÄ±yorum;"RT @desi_athena: 4)Bu nedenle CORONAVIRUS kelimesi kelimenin tam anlamÄ±yla RADYASYON ZEHÄ°RLENMESÄ° anlamÄ±na gelir.
HASTA EDEN,
KORONA DEÅARJâ€¦";Bir kafe kapanÄ±yor aÃ§Ä±k olan bir diÄŸerini arayÄ±p orada oturuyoruz. Toplanma alanlarÄ±na gidemiyoruz korona yÃ¼zÃ¼nden.â€¦ https://t.co/Cc4F1e8so1;"RT @cetinasemih: DehÅŸetle izliyorum. GÃ¶lcÃ¼k depreminden sonra ""7.4 yetmedi mi"" diyen hastalÄ±klÄ± kafa 20 yÄ±l sonra yine sahnede.  Covid-19'dâ€¦";RT @kiz_deli1: Cevap veremediÄŸim tÃ¼m  dostlar iyiyim Ã§ok ÅŸÃ¼kÃ¼r Allah hepinizden razÄ± gelsin  bir an ege Ã¼niversitesi yÄ±kÄ±lÄ±yor sandÄ±m koronâ€¦;RT @iyimser_perst: @Adem_Captan @Burhane91982123 @the_sosyopat11 @yilmazgul35351 @mkulunk @elonue @BekirTiryaki58 @banuel @drhuri__ye @Medyâ€¦;RT @bedriyasartr: Covid-19 testi pozitif Ã§Ä±kan deÄŸerli arkadaÅŸÄ±mÄ±z, Erzurum Milletvekilimiz SayÄ±n @NaciCinisli'ye geÃ§miÅŸ olsun dileklerimizâ€¦;"RT @sonsuznurm: Grafiker Remzi Kabarakâ€™Ä±n eÅŸi HÃ¼lya Kabarak 3. evre meme ve troid kanseri 
Son olarak korona teÅŸhisi konuldu.
HÃ¼lya hanÄ±m hâ€¦";"Grafiker Remzi Kabarakâ€™Ä±n eÅŸi HÃ¼lya Kabarak 3. evre meme ve troid kanseri 
Son olarak korona teÅŸhisi konuldu.
HÃ¼lyaâ€¦ https://t.co/JuFO4tObpJ";RT @zzarmasii: Korona pozitif tanÄ±sÄ± olup da depremden dolayÄ± dÄ±ÅŸarÄ± Ã§Ä±kan/ Ã§Ä±kmak zorunda olan vatandaÅŸlar iÃ§in de bir toplanma ve bakÄ±m aâ€¦;RT @tugvaTR: Covid-19 nedeni ile boÅŸ olan TÃœGVA Ä°zmir YurtlarÄ±mÄ±zÄ±n kapÄ±larÄ±nÄ± depremden etkilenen vatandaÅŸlarÄ±mÄ±zÄ±n kullanÄ±mÄ±na sunmak Ã¼zeâ€¦;RT @ahval_tr: Alman ekonomisi korona dinlemedi yÃ¼zde 8.2 bÃ¼yÃ¼dÃ¼ â–ªï¸ https://t.co/gjwhUs5vGX;@nazeningemi Kafenin biri kapatÄ±yor diÄŸer aÃ§Ä±k kafeyi arayÄ±p oraya oturuyoruz. Toplanma yerlerine korona yÃ¼zÃ¼nden gâ€¦ https://t.co/Gi3YBs1vQT;"Allah yardÄ±mcÄ±mÄ±z olsun ğŸ™
#izmirdeprem  #Covid_19  #pkkormanyakÄ±yor https://t.co/6SudO1gzGH";Az Ã¶nce evime korona testi yapmaya geldiler temaslÄ± olmam ama hiÃ§bir belirtim olmamasÄ±na raÄŸmen gÃ¼zel bir hizmet 7/â€¦ https://t.co/ZzcLdUzWcP;RT @TutukluHastalar: GÃ¼n geÃ§miyor ki cezaevlerinden bir hasta tutuklu haberi gelmesin. YÃ¼zde 60 engelli Bilal DanÄ±ÅŸ, 2 kez mide kanamasÄ± geâ€¦;"RT @cetinasemih: DehÅŸetle izliyorum. GÃ¶lcÃ¼k depreminden sonra ""7.4 yetmedi mi"" diyen hastalÄ±klÄ± kafa 20 yÄ±l sonra yine sahnede.  Covid-19'dâ€¦";"Ä°zmir; acÄ±nÄ±z,acÄ±mÄ±z...AllahÄ±m Ã¶nce bizi cehaletten kurtarsÄ±n... biz deprem ve koronayla baÅŸa Ã§Ä±karÄ±z...â€¦ https://t.co/BP1oTAehmE";RT @zzarmasii: Korona pozitif hastalarÄ±n herkese aÃ§Ä±k toplanma alanlarÄ±nda olmayacaÄŸÄ±nÄ±n baÅŸka tÃ¼rlÃ¼ garantisi yok. Bunu saÄŸlamamak da aÃ§Ä±kâ€¦;@detoneinsan Covid - 19'u, depremleri yeneriz de cahilliÄŸi pek sanmÄ±yorum;"RT @BOLDmedya: Silivriâ€™de 44 mahkumun korona olduÄŸu koÄŸuÅŸtan mektup:

â€œÄ°nsafsÄ±zca, hayvandan daha aÅŸaÄŸÄ±lÄ±k bir muameleyle, zalimce zorla sÄ±â€¦";Bu da zaten rezil rÃ¼sva olmuÅŸ hastanelerde, yetersiz kalacak saÄŸlÄ±k hizmetlerine bir darbe daha demek. binlerce insâ€¦ https://t.co/TAetAjbIYq;RT @ahval_tr: Alman ekonomisi korona dinlemedi yÃ¼zde 8.2 bÃ¼yÃ¼dÃ¼ | Ahval | https://t.co/tx6p5WUMBF;"RT @TutsakBebekler: 11 yaÅŸÄ±ndaki bu kÄ±zÄ±mÄ±z tÃ¼m nazikliÄŸiyle milletvekillerine sesleniyor:

""8 yaÅŸÄ±mdan beri ayrÄ±yÄ±m babamdan. Korona virÃ¼sâ€¦";Kuzenimin annesi pozitif Ã§Ä±kmÄ±ÅŸ hala diyor ki sevgilime son kez sarÄ±lamadan gidecek. Ulan gerizekalÄ± annen astÄ±m anâ€¦ https://t.co/WDK6UAjueM;"RT @BOLDmedya: Silivriâ€™de 44 mahkumun korona olduÄŸu koÄŸuÅŸtan mektup:

â€œÄ°nsafsÄ±zca, hayvandan daha aÅŸaÄŸÄ±lÄ±k bir muameleyle, zalimce zorla sÄ±â€¦";ZekasÄ± bu kadar 2020 bitince ekonomi dÃ¼zelecek bir daha doÄŸal afet yaÅŸanmayacak hatta 2020ye girer girmez korona keâ€¦ https://t.co/t8pOqML46Y;"RT @HsnBozkurt: 1999 2020

21 yÄ±lda bazÄ± insanlaÅŸamamÄ±ÅŸ YARATIKLAR yine ortalÄ±kta

Mermer bile yontuluyor bu KAFALAR asla

21 yÄ±l Ã¶nce DEPRâ€¦";RT @tugvaTR: Covid-19 nedeni ile boÅŸ olan TÃœGVA Ä°zmir YurtlarÄ±mÄ±zÄ±n kapÄ±larÄ±nÄ± depremden etkilenen vatandaÅŸlarÄ±mÄ±zÄ±n kullanÄ±mÄ±na sunmak Ã¼zeâ€¦;"RT @TutsakBebekler: 11 yaÅŸÄ±ndaki bu kÄ±zÄ±mÄ±z tÃ¼m nazikliÄŸiyle milletvekillerine sesleniyor:

""8 yaÅŸÄ±mdan beri ayrÄ±yÄ±m babamdan. Korona virÃ¼sâ€¦";RT @tugvaTR: Covid-19 nedeni ile boÅŸ olan TÃœGVA Ä°zmir YurtlarÄ±mÄ±zÄ±n kapÄ±larÄ±nÄ± depremden etkilenen vatandaÅŸlarÄ±mÄ±zÄ±n kullanÄ±mÄ±na sunmak Ã¼zeâ€¦;Deprem sebebiyle umarÄ±m Ä°zmirde korona artÄ±ÅŸÄ± yaÅŸanmaz;"RT @Haberdar: Belirti gÃ¶stermeyen Covid-19 hastalarÄ±nÄ± yÃ¼zde 100 oranÄ±nda doÄŸru tahmin eden yapay zekÃ¢ geliÅŸtirildi

https://t.co/dDtLDicjHâ€¦";RT @HuseyinCakir0: Covid - 19'u, depremleri yeneriz ama cahilliÄŸi pek sanmÄ±yorum.;Korona pozitif hastalarÄ±n herkese aÃ§Ä±k toplanma alanlarÄ±nda olmayacaÄŸÄ±nÄ±n baÅŸka tÃ¼rlÃ¼ garantisi yok. Bunu saÄŸlamamaâ€¦ https://t.co/OryGD73nHz;RT @tugvaTR: Covid-19 nedeni ile boÅŸ olan TÃœGVA Ä°zmir YurtlarÄ±mÄ±zÄ±n kapÄ±larÄ±nÄ± depremden etkilenen vatandaÅŸlarÄ±mÄ±zÄ±n kullanÄ±mÄ±na sunmak Ã¼zeâ€¦;RT @ahval_tr: Alman ekonomisi korona dinlemedi yÃ¼zde 8.2 bÃ¼yÃ¼dÃ¼ â–ªï¸ https://t.co/gjwhUs5vGX;Malatya zorlu virajda - SÃ¼per Lig'in 7'inci haftasÄ±nda deplasmanda BeÅŸiktaÅŸ ile mÃ¼cadele edecek olan Yeni Malatyaspâ€¦ https://t.co/ginzgOQcUG;"RT @BOLDmedya: Silivriâ€™de 44 mahkumun korona olduÄŸu koÄŸuÅŸtan mektup:

â€œÄ°nsafsÄ±zca, hayvandan daha aÅŸaÄŸÄ±lÄ±k bir muameleyle, zalimce zorla sÄ±â€¦";@eliifarsllan Yaaa kÄ±yamam sanaa Ã§orba yapim mi beraber iÃ§eriz bende korona olurum ğŸ¥º;"RT @TutsakBebekler: 11 yaÅŸÄ±ndaki bu kÄ±zÄ±mÄ±z tÃ¼m nazikliÄŸiyle milletvekillerine sesleniyor:

""8 yaÅŸÄ±mdan beri ayrÄ±yÄ±m babamdan. Korona virÃ¼sâ€¦";"""YanlÄ±ÅŸ tedavi sonucunda kalp krizi geÃ§irdi.""
#Covid_19 https://t.co/K47vS8BhQO";DÄ±ÅŸarÄ± Ã§Ä±ksak korona eve girsek deprem. #izmir;"Sorun sende deÄŸil,bizde 2020..
#depremizmir #korona #izmirdeprem #izmir #deprem";RT @zzarmasii: Korona pozitif tanÄ±sÄ± olup da depremden dolayÄ± dÄ±ÅŸarÄ± Ã§Ä±kan/ Ã§Ä±kmak zorunda olan vatandaÅŸlar iÃ§in de bir toplanma ve bakÄ±m aâ€¦;RT @ahval_tr: 'Korona testini pozitiften negatife Ã§eviren ÅŸebeke var' â–ªï¸ https://t.co/JzZ70wmUqz;RT @5posta: â€œKorona diyorlar adÄ±na. SanÄ±rsÄ±n Ä°talyaâ€™da bir plaj ismi. HayÄ±r, bunun adÄ± Ã‡in VebasÄ±â€ https://t.co/mjJrequI1x;@hbasriakdemir Korona olmuÅŸ ama gizliyorlar;@MstSelanik @seyahmet2 Korona olmuÅŸ diyilee;RT @canimmbenimm3: Ã‡Ã¼rÃ¼k binalarÄ± yaparlar milletin Ã¼stÃ¼ne Ã§Ã¶ker, suÃ§lu kim? 2020... Midesiz gibi yarasa yerler korona Ã§Ä±kar, suÃ§lu kim? 20â€¦;RT @TwiterSonDakika: Toplu taÅŸÄ±malara korona virÃ¼s denetimi https://t.co/nYSRDeJVhX;"RT @Gazete_Yenicag: Korona virÃ¼se karÅŸÄ± en bÃ¼yÃ¼k silahÄ±mÄ±zdÄ±. FazlasÄ± bÃ¶brek taÅŸÄ± ve pankreas iltihabÄ±na neden oluyor 
https://t.co/5b2lMpfâ€¦";"RT @TutsakBebekler: 11 yaÅŸÄ±ndaki bu kÄ±zÄ±mÄ±z tÃ¼m nazikliÄŸiyle milletvekillerine sesleniyor:

""8 yaÅŸÄ±mdan beri ayrÄ±yÄ±m babamdan. Korona virÃ¼sâ€¦";RT @tugvaTR: Covid-19 nedeni ile boÅŸ olan TÃœGVA Ä°zmir YurtlarÄ±mÄ±zÄ±n kapÄ±larÄ±nÄ± depremden etkilenen vatandaÅŸlarÄ±mÄ±zÄ±n kullanÄ±mÄ±na sunmak Ã¼zeâ€¦;RT @ahval_tr: 'Korona testini pozitiften negatife Ã§eviren ÅŸebeke var' â–ªï¸ https://t.co/JzZ70wmUqz;"RT @NaciCinisli: Belirtiler hissetmemiz Ã¼zerine yaptÄ±rdÄ±ÄŸÄ±mÄ±z Covid-19 testimiz ailece pozitif Ã§Ä±ktÄ±.

BugÃ¼nden itibaren tedavi sÃ¼recimiz bâ€¦";Ust komsumuz hastaneye kaldirilmis umarim korona yoktur ya off her sey ayni anda oluyo;RT @ahval_tr: 'Korona testini pozitiften negatife Ã§eviren ÅŸebeke var' â–ªï¸ https://t.co/JzZ70wmUqz;Korona belirtilerim var yarÄ±n sabah teste gidicem, evdekilere istediÄŸimi yaptÄ±rmak icin Ã¼zerlerine Ã¶ksÃ¼rmekle tehdit ediyorum;"@saccularis Pazar,-salÄ± yÃ¼ksek ateÅŸ covid-19 korkusuğŸ¤’
Cuma, deprem korkusu dahasÄ±nÄ± ben almasamğŸ™„";korona virÃ¼sÃ¼ vÃ¼cuduma giriÅŸ yapÄ±yor. https://t.co/zjiCvTY4x8;"RT @yazarmuratakan: ABD HastalÄ±klarÄ± Kontrol ve Ã–nleme Merkezi (CDC) verilerine gÃ¶re Covid-19 hayatta kalma oranlarÄ±:

0-19   ArasÄ±â€¦";RT @tugvaTR: Covid-19 nedeni ile boÅŸ olan TÃœGVA Ä°zmir YurtlarÄ±mÄ±zÄ±n kapÄ±larÄ±nÄ± depremden etkilenen vatandaÅŸlarÄ±mÄ±zÄ±n kullanÄ±mÄ±na sunmak Ã¼zeâ€¦;Bizim tekelci abi korona olmuÅŸ mudur acaba adamÄ± bi kere bile maske takarken gÃ¶rmedim adeta meydan okuyor;"RT @TutsakBebekler: 11 yaÅŸÄ±ndaki bu kÄ±zÄ±mÄ±z tÃ¼m nazikliÄŸiyle milletvekillerine sesleniyor:

""8 yaÅŸÄ±mdan beri ayrÄ±yÄ±m babamdan. Korona virÃ¼sâ€¦";"RT @bengibaser: ğŸ“ŒZirvelere doymayan Covid-19 vakalarÄ±, dÃ¶vizin yÃ¼kselmesi, ÅŸimdi de deprem...

ArtÄ±k bitsin istiyorum bu 2020 !..";RT @ahval_tr: 'Korona testini pozitiften negatife Ã§eviren ÅŸebeke var' â–ªï¸ https://t.co/JzZ70wmUqz;Toplu taÅŸÄ±malara korona virÃ¼s denetimi https://t.co/K0uVOKyNLj;RT @Mustafaalkayatr: Covid-19 testi pozitif Ã§Ä±kan HÃ¼seyin Ã‡elik abime geÃ§miÅŸ olsun dileklerimi sunuyorum. Ä°nÅŸallah en yakÄ±n zamanda saÄŸlÄ±ÄŸÄ±â€¦;"RT @TutsakBebekler: 11 yaÅŸÄ±ndaki bu kÄ±zÄ±mÄ±z tÃ¼m nazikliÄŸiyle milletvekillerine sesleniyor:

""8 yaÅŸÄ±mdan beri ayrÄ±yÄ±m babamdan. Korona virÃ¼sâ€¦";Korona pozitif tanÄ±sÄ± olup da depremden dolayÄ± dÄ±ÅŸarÄ± Ã§Ä±kan/ Ã§Ä±kmak zorunda olan vatandaÅŸlar iÃ§in de bir toplanma vâ€¦ https://t.co/dLLpzB6ipK;RT @londragundemcom: Belirti gÃ¶stermeyen Covid-19 hastalarÄ±nÄ± yÃ¼zde 100 oranÄ±nda doÄŸru tahmin eden yapay zekÃ¢ geliÅŸtirildi - https://t.co/Xâ€¦;"RT @cetinasemih: DehÅŸetle izliyorum. GÃ¶lcÃ¼k depreminden sonra ""7.4 yetmedi mi"" diyen hastalÄ±klÄ± kafa 20 yÄ±l sonra yine sahnede.  Covid-19'dâ€¦";"RT @TutsakBebekler: 11 yaÅŸÄ±ndaki bu kÄ±zÄ±mÄ±z tÃ¼m nazikliÄŸiyle milletvekillerine sesleniyor:

""8 yaÅŸÄ±mdan beri ayrÄ±yÄ±m babamdan. Korona virÃ¼sâ€¦"
