Avustralyaâ€™da geliÅŸtirilen hÄ±zlÄ± COVID-19 testi: 60 saniyede sonuÃ§ verecek, baÅŸarÄ±lÄ± olursa Ã§Ä±ÄŸÄ±r aÃ§acak | Avustralâ€¦ https://t.co/fTXGKtK28O;RT @HergelePostasi: FOX Haber Ankara BÃ¼rosuâ€™nun elde ettiÄŸi belgeye gÃ¶re, 10 EylÃ¼l gÃ¼nÃ¼ bir gÃ¼nde TÃ¼rkiyeâ€™de Covid-19 testi pozitif Ã§Ä±kan hâ€¦;"DSÃ–, dÃ¼ÅŸÃ¼k ve orta gelirli Ã¼lkelere 120 milyon COVID-19 testi gÃ¶nderileceÄŸini duyurdu

DÃ¼nya SaÄŸlÄ±k Ã–rgÃ¼tÃ¼ (DSÃ–) viâ€¦ https://t.co/XzX89VamlY";RT @FatmaSahin: â€œGÃ¼venli Okul Projesiâ€ ile 500 okula #Covid_19 ile mÃ¼cadele Ã¶nlemleri iÃ§in hijyen malzemeleri temini ve daÄŸÄ±tÄ±mÄ± yapÄ±ldÄ±.ğŸ§´â€¦;RT @Nilfer36445269: Allah TÃ¼rkiye'yi KÄ±lÄ±Ã§daroÄŸlu'nun korona Ã¶nlemlerinden, Ä°mamoÄŸlu'nun tasarruf tedbirlerinden, KaramollaoÄŸlu'nun bilgeliâ€¦;"RT @GaziantepBeld: ğŸ« @Gaziantep_MEM iÅŸbirliÄŸi ile dÃ¼zenlenen GÃ¼venli Okul Projesiâ€™nde
â€œHijyen Malzemeleri Teslim TÃ¶reniâ€ gerÃ§ekleÅŸtirildi.â€¦";"RT @Tr724: '1.512 hastanÄ±n aÃ§Ä±klandÄ±ÄŸÄ± gÃ¼n gerÃ§ek rakam 29 bin 377'ydi' iddiasÄ±! 

VPNsiz https://t.co/FPYvshcND0

https://t.co/GtOYOWAQBsâ€¦";RT @Gizemli8434: Allah TÃ¼rkiye'yi KÄ±lÄ±Ã§daroÄŸlu'nun korona Ã¶nlemlerinden, Ä°mamoÄŸlu'nun tasarruf tedbirlerinden, KaramollaoÄŸlu'nun bilgeliÄŸinâ€¦;RT @ProfAtak: Ä°lhan Ä°ÅŸbilen dÃ¶nemin Akp milletvekillerinden...Åuan korona nedeniyle hastanede ve beynine pÄ±htÄ± attÄ±ÄŸÄ± iddia ediliyor. 74 yaâ€¦;"RT @Tr724: '1.512 hastanÄ±n aÃ§Ä±klandÄ±ÄŸÄ± gÃ¼n gerÃ§ek rakam 29 bin 377'ydi' iddiasÄ±! 

VPNsiz https://t.co/FPYvshcND0

https://t.co/GtOYOWAQBsâ€¦";RT @ankaragelisiyor: Mansur YavaÅŸ, Covid-19 sÃ¼recinde uzaktan Ã¶ÄŸrenim gÃ¶ren Ã¶ÄŸrenciler iÃ§in bÃ¼yÃ¼k bir adÄ±m atarak kÃ¶ylere internet saÄŸlamakâ€¦;RT @FOXhaber: Ã–ZEL | CHPâ€™li Emirâ€™den ÅŸok #Korona iddiasÄ±! #MuratEmir: â€œSayÄ±n bakanÄ±n artÄ±k halka doÄŸrularÄ± sÃ¶yleme zamanÄ± geldi.â€ @selcukktâ€¦;"RT @H_Ciloglu: ğŸŒ‹Elon Musk'tan Åok AÃ§Ä±klama;

ÃœnlÃ¼ milyarder, ne kendisinin ne de ailesinin Covid-19 aÅŸÄ±sÄ± yaptÄ±rmayacaÄŸÄ±nÄ± aÃ§Ä±kladÄ±; 

Ä°nsaâ€¦";"Covid-19 dan vefat edenlere yapÄ±lan otopsi Ã§alÄ±ÅŸmalarÄ±nda detaylÄ± incelemede; burun mukozasÄ±nÄ±n aÄŸÄ±z mukozasÄ±ndan dâ€¦ https://t.co/y0uWfawE2C";korona miyim grip miyim ikilemiğŸ¥º;"RT @cuneytarat06: Ä°lhan Ä°ÅŸbilen, 74 yaÅŸÄ±nda eski bir Milletvekili.
YaklaÅŸÄ±k 5 yÄ±ldÄ±r GÃ¼len Hareketi iddiasÄ±yla cezaevinde tutuluyor.
Ä°lhanâ€¦";RT @ankaragelisiyor: Mansur YavaÅŸ, Covid-19 sÃ¼recinde uzaktan Ã¶ÄŸrenim gÃ¶ren Ã¶ÄŸrenciler iÃ§in bÃ¼yÃ¼k bir adÄ±m atarak kÃ¶ylere internet saÄŸlamakâ€¦;"RT @Verda_Hanzade_: Ä°lhan Ä°ÅBÄ°LEN
Eski milletvekili
Sincan Cezaevi'nde tek kiÅŸilik hÃ¼crede Covid-19 virÃ¼sÃ¼ne yakalandÄ±, hastaneye kaldÄ±rÄ±ldâ€¦";RT @cihantuzunses: 10 Ã§ocuÄŸunu tek baÅŸÄ±na bÃ¼yÃ¼ten ANNE'min Covid-19 testi pozitif Ã§Ä±ktÄ±. Bizim hala annemize, annemizin de saÄŸlÄ±ÄŸÄ±na ihtiyaâ€¦;RT @ProfAtak: Ä°lhan Ä°ÅŸbilen dÃ¶nemin Akp milletvekillerinden...Åuan korona nedeniyle hastanede ve beynine pÄ±htÄ± attÄ±ÄŸÄ± iddia ediliyor. 74 yaâ€¦;"RT @Verda_Hanzade_: Ä°lhan Ä°ÅBÄ°LEN
Eski milletvekili
Sincan Cezaevi'nde tek kiÅŸilik hÃ¼crede Covid-19 virÃ¼sÃ¼ne yakalandÄ±, hastaneye kaldÄ±rÄ±ldâ€¦";RT @odakdunyam: 2015 yÄ±lÄ± kasÄ±m ayÄ±ndan beri Ankara Sincan KapalÄ± Cezaeviâ€™nde tutuklu 74 yaÅŸÄ±ndaki eski milletvekili Ä°lhan Ä°ÅŸbilen, Covid-1â€¦;Ä°lhan Ä°ÅŸbilen dÃ¶nemin Akp milletvekillerinden...Åuan korona nedeniyle hastanede ve beynine pÄ±htÄ± attÄ±ÄŸÄ± iddia ediliâ€¦ https://t.co/rd08ptQskX;RT @FatmaSahin: â€œGÃ¼venli Okul Projesiâ€ ile 500 okula #Covid_19 ile mÃ¼cadele Ã¶nlemleri iÃ§in hijyen malzemeleri temini ve daÄŸÄ±tÄ±mÄ± yapÄ±ldÄ±.ğŸ§´â€¦;RT @35denizderin: NasÄ±l bir Ã¼lkede yaÅŸÄ±yoruz ki bir insanÄ±n yaÅŸamasÄ± iÃ§in tag Ã§alÄ±ÅŸmasÄ± yapÄ±yoruz. Ä°lhan Ä°ÅŸbilen cezaevinde korona virÃ¼se yâ€¦;Kim lan bu korona milleti Ã¶ldÃ¼rÃ¼yorğŸ˜‚;Adam daha Kastamonuya vali olarak atanalÄ± 3 ay olmadÄ± korona kaptÄ±...;RT @ankaragelisiyor: Mansur YavaÅŸ, Covid-19 sÃ¼recinde uzaktan Ã¶ÄŸrenim gÃ¶ren Ã¶ÄŸrenciler iÃ§in bÃ¼yÃ¼k bir adÄ±m atarak kÃ¶ylere internet saÄŸlamakâ€¦;"RT @GaziantepBeld: ğŸ« @Gaziantep_MEM iÅŸbirliÄŸi ile dÃ¼zenlenen GÃ¼venli Okul Projesiâ€™nde
â€œHijyen Malzemeleri Teslim TÃ¶reniâ€ gerÃ§ekleÅŸtirildi.â€¦";RT @yolunkaderi__: Sincan Cezaevinde tek kiÅŸilik hÃ¼crede Covid-19 virÃ¼sÃ¼ne yakalana eski milletvekili Ä°lhan Ä°ÅBÄ°LEN hastaneye kaldÄ±rÄ±ldÄ±. Bâ€¦;RT @SizimKhk: 2015 yÄ±lÄ± kasÄ±m ayÄ±ndan beri Ankara Sincan KapalÄ± Cezaeviâ€™nde tutuklu 74 yaÅŸÄ±ndaki eski milletvekili Ä°lhan Ä°ÅŸbilen, Covid-19â€¦;RT @odakdunyam: Sincan Cezaevinde tek kiÅŸilik hÃ¼crede Covid-19 virÃ¼sÃ¼ne yakalana eski milletvekili Ä°lhan Ä°ÅBÄ°LEN hastaneye kaldÄ±rÄ±ldÄ±. Beynâ€¦;RT @bbcturkce: Avustralya medyasÄ±: Covid-19 nedeniyle lÃ¼ks yolcu gemileri hurdalÄ±klarda son bulmaya baÅŸladÄ±, TÃ¼rkiye dev bir gemi mezarlÄ±ÄŸÄ±â€¦;Len beyin kuÅŸu kk olsaydÄ± covid 19 zamanÄ±. HastalÄ±ktan deÄŸil 19 gÃ¼nde aÃ§lÄ±ktan Ã¶lÃ¼rdÃ¼m malll ke https://t.co/ygKwdK3V78;bu ay icinde pozitif bi haber alsam kesin korona pozitif cikar amk;RT @odakdunyam: Sincan Cezaevinde tek kiÅŸilik hÃ¼crede Covid-19 virÃ¼sÃ¼ne yakalana eski milletvekili Ä°lhan Ä°ÅBÄ°LEN hastaneye kaldÄ±rÄ±ldÄ±. Beynâ€¦;RT @thidi_org: Sincan Cezaevinde tek kiÅŸilik hÃ¼crede Covid-19 virÃ¼sÃ¼ne yakalana eski milletvekili Ä°lhan Ä°ÅBÄ°LEN hastaneye kaldÄ±rÄ±ldÄ±.  tahlâ€¦;RT @thidi_org: 74 yaÅŸÄ±ndaki 24.dÃ¶nem milletvekili Ä°lhan Ä°ÅŸbilen 4 yÄ±ldÄ±r tek baÅŸÄ±na kaldÄ±ÄŸÄ± hÃ¼cresinden korona ÅŸÃ¼phesiyle hastaneye kaldÄ±rÄ±â€¦;"RT @euronews_tr: #SonDakika 

TÃ¼rkiye'de Covid-19: Son 24 saatte 1.511 yeni hasta, 71 can kaybÄ±

https://t.co/ZKP72azwHN";"RT @H_Ciloglu: ğŸŒ‹Elon Musk'tan Åok AÃ§Ä±klama;

ÃœnlÃ¼ milyarder, ne kendisinin ne de ailesinin Covid-19 aÅŸÄ±sÄ± yaptÄ±rmayacaÄŸÄ±nÄ± aÃ§Ä±kladÄ±; 

Ä°nsaâ€¦";RT @Antalyasesver07: Baran aÅŸkÄ±m seni Ã§ok Ã¶zledimm.. kahrolasÄ±ca Ä°zmir antalyayada gelemiyorum bu pis korona yÃ¼zÃ¼nden izin vermiyorlar ğŸ˜‘ğŸ˜­ hâ€¦;"Covid-19: negatif
GeÃ§im sÄ±kÄ±ntÄ±sÄ±: pozitif
Ruhsal yÄ±pranmalar: pozitif
Depression: pozitif
Gelecek kaygÄ±sÄ±: pozitif";"RT @Tr724: '1.512 hastanÄ±n aÃ§Ä±klandÄ±ÄŸÄ± gÃ¼n gerÃ§ek rakam 29 bin 377'ydi' iddiasÄ±! 

VPNsiz https://t.co/FPYvshcND0

https://t.co/GtOYOWAQBsâ€¦";RT @FOXhaber: Ã–ZEL | CHPâ€™li Emirâ€™den ÅŸok #Korona iddiasÄ±! #MuratEmir: â€œSayÄ±n bakanÄ±n artÄ±k halka doÄŸrularÄ± sÃ¶yleme zamanÄ± geldi.â€ @selcukktâ€¦;"RT @yenisafak: KÄ±lÄ±Ã§daroÄŸlu'ndan 'Yeni deste aÃ§acaksÄ±n' ÅŸeklindeki korona tavsiyesini eleÅŸtirenlere sert tepki;
ğŸ“ŒBen her elde demedim her oâ€¦";RT @HuemanOfficial: Sincan Cezaevinde tek kiÅŸilik hÃ¼crede Covid-19 virÃ¼sÃ¼ne yakalana eski milletvekili Ä°lhan Ä°ÅBÄ°LEN hastaneye kaldÄ±rÄ±ldÄ±.â€¦;RT @thidi_org: 2015 yÄ±lÄ± kasÄ±m ayÄ±ndan beri Ankara Sincan KapalÄ± Cezaeviâ€™nde tutuklu 74 yaÅŸÄ±ndaki eski milletvekili Ä°lhan Ä°ÅŸbilen, Covid-19â€¦;"RT @h33avci: Maskeyi ve aÅŸÄ±larÄ± savunanlar karÅŸÄ±larÄ±nda dÃ¼nya insanlÄ±ÄŸÄ±nÄ± bulacaklar

Ä°spanya halkÄ± maskesiz, mesafesiz COVÄ°D-19 yalanÄ±nÄ± pâ€¦";"RT @Verda_Hanzade_: Ä°lhan Ä°ÅBÄ°LEN
Eski milletvekili
Sincan Cezaevi'nde tek kiÅŸilik hÃ¼crede Covid-19 virÃ¼sÃ¼ne yakalandÄ±, hastaneye kaldÄ±rÄ±ldâ€¦";"RT @Verda_Hanzade_: Ä°lhan Ä°ÅBÄ°LEN
Eski milletvekili
Sincan Cezaevi'nde tek kiÅŸilik hÃ¼crede Covid-19 virÃ¼sÃ¼ne yakalandÄ±, hastaneye kaldÄ±rÄ±ldâ€¦";RT @A_KaanPehlivan: TÃ¼m DÃ¼nyaâ€™nÄ±n etkilendiÄŸi #Covid-19 sÃ¼recinde, TÃ¼rkiyeâ€™de ekonomik reformlar yapan, her sektÃ¶rÃ¼ dÃ¼ÅŸÃ¼nerek ekonomiyi enâ€¦;RT @FatmaSahin: â€œGÃ¼venli Okul Projesiâ€ ile 500 okula #Covid_19 ile mÃ¼cadele Ã¶nlemleri iÃ§in hijyen malzemeleri temini ve daÄŸÄ±tÄ±mÄ± yapÄ±ldÄ±.ğŸ§´â€¦;"Esk. Å. Hast. DoÃ§.Dr.V. Fidan: ""Bir hekim arkadaÅŸÄ±m, uzun sÃ¼re Covid-19 servisinde tedavi gÃ¶rdÃ¼. GÃ¶zyaÅŸlarÄ± iÃ§inde,â€¦ https://t.co/ZY7Gsy4wyj";"RT @Verda_Hanzade_: Ä°lhan Ä°ÅBÄ°LEN
Eski milletvekili
Sincan Cezaevi'nde tek kiÅŸilik hÃ¼crede Covid-19 virÃ¼sÃ¼ne yakalandÄ±, hastaneye kaldÄ±rÄ±ldâ€¦";"RT @h33avci: Maskeyi ve aÅŸÄ±larÄ± savunanlar karÅŸÄ±larÄ±nda dÃ¼nya insanlÄ±ÄŸÄ±nÄ± bulacaklar

Ä°spanya halkÄ± maskesiz, mesafesiz COVÄ°D-19 yalanÄ±nÄ± pâ€¦";"RT @eurodolar1980: Kemal KÄ±lÄ±Ã§daroÄŸlu: ""Ben her elde deÄŸil, her yeni oyunda kart aÃ§alÄ±m dedim."" [ 29 EylÃ¼l 2020 ] 
#Covid_19 #Covid19";RT @Aleynaadenizzz: Evlenmek isteyen korona olayÄ±nÄ± bekliyormuÅŸ herhalde;RT @HergelePostasi: FOX Haber Ankara BÃ¼rosuâ€™nun elde ettiÄŸi belgeye gÃ¶re, 10 EylÃ¼l gÃ¼nÃ¼ bir gÃ¼nde TÃ¼rkiyeâ€™de Covid-19 testi pozitif Ã§Ä±kan hâ€¦;"RT @Verda_Hanzade_: Ä°lhan Ä°ÅBÄ°LEN
Eski milletvekili
Sincan Cezaevi'nde tek kiÅŸilik hÃ¼crede Covid-19 virÃ¼sÃ¼ne yakalandÄ±, hastaneye kaldÄ±rÄ±ldâ€¦";"RT @cuneytarat06: Ä°lhan Ä°ÅŸbilen, 74 yaÅŸÄ±nda eski bir Milletvekili.
YaklaÅŸÄ±k 5 yÄ±ldÄ±r GÃ¼len Hareketi iddiasÄ±yla cezaevinde tutuluyor.
Ä°lhanâ€¦";"RT @H_Ciloglu: ğŸŒ‹Elon Musk'tan Åok AÃ§Ä±klama;

ÃœnlÃ¼ milyarder, ne kendisinin ne de ailesinin Covid-19 aÅŸÄ±sÄ± yaptÄ±rmayacaÄŸÄ±nÄ± aÃ§Ä±kladÄ±; 

Ä°nsaâ€¦";"RT @h33avci: Maskeyi ve aÅŸÄ±larÄ± savunanlar karÅŸÄ±larÄ±nda dÃ¼nya insanlÄ±ÄŸÄ±nÄ± bulacaklar

Ä°spanya halkÄ± maskesiz, mesafesiz COVÄ°D-19 yalanÄ±nÄ± pâ€¦";"RT @H_Ciloglu: ğŸŒ‹Elon Musk'tan Åok AÃ§Ä±klama;

ÃœnlÃ¼ milyarder, ne kendisinin ne de ailesinin Covid-19 aÅŸÄ±sÄ± yaptÄ±rmayacaÄŸÄ±nÄ± aÃ§Ä±kladÄ±; 

Ä°nsaâ€¦";RT @SizimKhk: 2015 yÄ±lÄ± kasÄ±m ayÄ±ndan beri Ankara Sincan KapalÄ± Cezaeviâ€™nde tutuklu 74 yaÅŸÄ±ndaki eski milletvekili Ä°lhan Ä°ÅŸbilen, Covid-19â€¦;@Arsiv_Affetmez Malum #Covid_19 var. Hijyen ÅŸart;RT @bengibaser: ğŸ“Œ Klasik PCR testlerinin tanÄ±da gecikmeler yaratmasÄ±ndan dolayÄ±, Ã¼lkeler, 15 dk. iÃ§inde sonuÃ§ alÄ±nan antijenik testlere yÃ¶nâ€¦;RT @_aliyalcin_: #MemurSenTÃ¼rkiyeBuluÅŸmasÄ± Ã§alÄ±ÅŸma hayatÄ±na iliÅŸkin deÄŸerlendirmelerin yapÄ±ldÄ±ÄŸÄ±,Ã¶zverili teÅŸkilatÄ±n hakkÄ±nÄ±n teslim edildiâ€¦;RT @odakdunyam: Sincan Cezaevinde tek kiÅŸilik hÃ¼crede Covid-19 virÃ¼sÃ¼ne yakalana eski milletvekili Ä°lhan Ä°ÅBÄ°LEN hastaneye kaldÄ±rÄ±ldÄ±. Beynâ€¦;grupta 4 kiÅŸiyiz aramÄ±zdan biri tatile gitti evden hiÃ§ Ã§Ä±kmayan da korona oldu diyo ki adam tatile gitti koronayÄ± bâ€¦ https://t.co/Unhh8ILfPk;RT @AylinUslu1453: Allah TÃ¼rkiye'yi KÄ±lÄ±Ã§daroÄŸlu'nun korona Ã¶nlemlerinden, Ä°mamoÄŸlu'nun tasarruf tedbirlerinden, KaramollaoÄŸlu'nun bilgeliÄŸâ€¦;"RT @Tr724: '1.512 hastanÄ±n aÃ§Ä±klandÄ±ÄŸÄ± gÃ¼n gerÃ§ek rakam 29 bin 377'ydi' iddiasÄ±! 

VPNsiz https://t.co/FPYvshcND0

https://t.co/GtOYOWAQBsâ€¦";RT @ankaragelisiyor: Mansur YavaÅŸ, Covid-19 sÃ¼recinde uzaktan Ã¶ÄŸrenim gÃ¶ren Ã¶ÄŸrenciler iÃ§in bÃ¼yÃ¼k bir adÄ±m atarak kÃ¶ylere internet saÄŸlamakâ€¦;RT @odakdunyam: 2015 yÄ±lÄ± kasÄ±m ayÄ±ndan beri Ankara Sincan KapalÄ± Cezaeviâ€™nde tutuklu 74 yaÅŸÄ±ndaki eski milletvekili Ä°lhan Ä°ÅŸbilen, Covid-1â€¦;"RT @yenisafak: KÄ±lÄ±Ã§daroÄŸlu'ndan 'Yeni deste aÃ§acaksÄ±n' ÅŸeklindeki korona tavsiyesini eleÅŸtirenlere sert tepki;
ğŸ“ŒBen her elde demedim her oâ€¦";"RT @Verda_Hanzade_: Ä°lhan Ä°ÅBÄ°LEN
Eski milletvekili
Sincan Cezaevi'nde tek kiÅŸilik hÃ¼crede Covid-19 virÃ¼sÃ¼ne yakalandÄ±, hastaneye kaldÄ±rÄ±ldâ€¦";"RT @PatrickJane02: 74 yaÅŸÄ±ndaki 24 dÃ¶nem milletvekili Ä°lhan Ä°ÅŸbilen sÄ±rf onlar gibi dÃ¼ÅŸÃ¼nmediÄŸi iÃ§in Ã¶mÃ¼r boyu hapse mahkum edildi. 

4 yÄ±lâ€¦";"Disneyâ€™den iÅŸÃ§i  kÄ±yÄ±mÄ±: 28 bin Ã§alÄ±ÅŸanÄ±n iÅŸine son 

ABD eÄŸlence endÃ¼strisinin en bÃ¼yÃ¼k ÅŸirketlerinden Walt Disneyâ€¦ https://t.co/BSGmrTAcp2";RT @odakdunyam: Sincan Cezaevinde tek kiÅŸilik hÃ¼crede Covid-19 virÃ¼sÃ¼ne yakalana eski milletvekili Ä°lhan Ä°ÅBÄ°LEN hastaneye kaldÄ±rÄ±ldÄ±. Beynâ€¦;RT @MustafaYucelll: Ankara BÃ¼yÃ¼kÅŸehir Belediye BaÅŸkanÄ±mÄ±z SayÄ±n @mansuryavas06 #Covid_19-sÃ¼recinde uzaktan Ã¶ÄŸrenim gÃ¶ren Ã¶ÄŸrenciler iÃ§in bÃ¼â€¦;Evlenmek isteyen korona olayÄ±nÄ± bekliyormuÅŸ herhalde;"RT @eurodolar1980: Kemal KÄ±lÄ±Ã§daroÄŸlu: ""Ben her elde deÄŸil, her yeni oyunda kart aÃ§alÄ±m dedim."" [ 29 EylÃ¼l 2020 ] 
#Covid_19 #Covid19";"RT @GLGLN1: Ã–mrÃ¼nde DÃ¶rt Defa Bu Ä°stiÄŸfarÄ± Okuyan Mucizeler YaÅŸar ğŸŒŸ
Kaderi Dua deÄŸiÅŸtirir.O Dua'yÄ± etmek Kaderinizde varsa.
#Covid_19
#Koroâ€¦";"RT @Semamarasli: #coronavirus mÃ¼ yoksa aÄŸÄ±r ilaÃ§larlar mÄ± insanlara zarar veriyor?
Tedavide kullanÄ±lan ilaÃ§larÄ±n yan etkileri ile ilgili doâ€¦";"RT @yenisafak: KÄ±lÄ±Ã§daroÄŸlu'ndan 'Yeni deste aÃ§acaksÄ±n' ÅŸeklindeki korona tavsiyesini eleÅŸtirenlere sert tepki;
ğŸ“ŒBen her elde demedim her oâ€¦";"RT @PatrickJane02: 74 yaÅŸÄ±ndaki 24 dÃ¶nem milletvekili Ä°lhan Ä°ÅŸbilen sÄ±rf onlar gibi dÃ¼ÅŸÃ¼nmediÄŸi iÃ§in Ã¶mÃ¼r boyu hapse mahkum edildi. 

4 yÄ±lâ€¦";"RT @Tr724: '1.512 hastanÄ±n aÃ§Ä±klandÄ±ÄŸÄ± gÃ¼n gerÃ§ek rakam 29 bin 377'ydi' iddiasÄ±! 

VPNsiz https://t.co/FPYvshcND0

https://t.co/GtOYOWAQBsâ€¦";"RT @SrsrEzgi1231: Sincan Cezaevinde
Bir kuzenim
MaraÅŸ cezaevinde diÄŸer
Kuzenim Covid-19 testi
Pozitif Ã§Ä±ktÄ±..
Tat bozulmasÄ± ve Ã¶ksÃ¼rÃ¼k varâ€¦";"RT @Verda_Hanzade_: Ä°lhan Ä°ÅBÄ°LEN
Eski milletvekili
Sincan Cezaevi'nde tek kiÅŸilik hÃ¼crede Covid-19 virÃ¼sÃ¼ne yakalandÄ±, hastaneye kaldÄ±rÄ±ldâ€¦";RT @HergelePostasi: FOX Haber Ankara BÃ¼rosuâ€™nun elde ettiÄŸi belgeye gÃ¶re, 10 EylÃ¼l gÃ¼nÃ¼ bir gÃ¼nde TÃ¼rkiyeâ€™de Covid-19 testi pozitif Ã§Ä±kan hâ€¦;"RT @gurselgil: 4) ÃœstÃ¼nden bir 6 ay daha geÃ§ti: Korona morona derken, daha giriÅŸ bÃ¶lÃ¼mÃ¼nÃ¼ bitiremedik. 

Ä°yice hevesim kaÃ§tÄ±. Åu anki dÃ¼ÅŸÃ¼nâ€¦";"RT @GLGLN1: Ã–mrÃ¼nde DÃ¶rt Defa Bu Ä°stiÄŸfarÄ± Okuyan Mucizeler YaÅŸar ğŸŒŸ
Kaderi Dua deÄŸiÅŸtirir.O Dua'yÄ± etmek Kaderinizde varsa.
#Covid_19
#Koroâ€¦";RT @FOXhaber: Ã–ZEL | CHPâ€™li Emirâ€™den ÅŸok #Korona iddiasÄ±! #MuratEmir: â€œSayÄ±n bakanÄ±n artÄ±k halka doÄŸrularÄ± sÃ¶yleme zamanÄ± geldi.â€ @selcukktâ€¦;covid 19 bitsin gÃ¼l gibi geÃ§inip gidecez, gÃ¼ven bana Ä±ÅŸÄ±k gÃ¶rÃ¼yor,;"Ã–mrÃ¼nde DÃ¶rt Defa Bu Ä°stiÄŸfarÄ± Okuyan Mucizeler YaÅŸar ğŸŒŸ
Kaderi Dua deÄŸiÅŸtirir.O Dua'yÄ± etmek Kaderinizde varsa.â€¦ https://t.co/D0UUaoj05n";RT @bbcturkce: Avustralya medyasÄ±: Covid-19 nedeniyle lÃ¼ks yolcu gemileri hurdalÄ±klarda son bulmaya baÅŸladÄ±, TÃ¼rkiye dev bir gemi mezarlÄ±ÄŸÄ±â€¦;RT @drzelihaaksaz: Bu iddia doÄŸruysa Pandemide yalanlarla kaderine terk edilmiÅŸ bir Ã¼lkeyiz. AÃ§Ä±klanan rakam resmi rakamÄ±n nerdeyse 20 katÄ±â€¦;RT @masumlaravuslat: 74 yaÅŸÄ±ndaki 24.dÃ¶nem milletvekili Ä°lhan Ä°ÅŸbilen ,hukuk garabetiyle Ã¶mÃ¼r boyu hapse mahkum edildi. 4 yÄ±ldÄ±r tek baÅŸÄ±naâ€¦;korana biter bitmez evlenecem yetyer bu kadar abazanlÄ±k, kimseye dokunamÄ±yom. ne olur bit artÄ±k korona;RT @_aliyalcin_: #MemurSenTÃ¼rkiyeBuluÅŸmasÄ± Ã§alÄ±ÅŸma hayatÄ±na iliÅŸkin deÄŸerlendirmelerin yapÄ±ldÄ±ÄŸÄ±,Ã¶zverili teÅŸkilatÄ±n hakkÄ±nÄ±n teslim edildiâ€¦;"RT @PatrickJane02: 74 yaÅŸÄ±ndaki 24 dÃ¶nem milletvekili Ä°lhan Ä°ÅŸbilen sÄ±rf onlar gibi dÃ¼ÅŸÃ¼nmediÄŸi iÃ§in Ã¶mÃ¼r boyu hapse mahkum edildi. 

4 yÄ±lâ€¦"
